ID,Marital Status,Gender,Income,Children,Education,Occupation,Home Owner,Cars,Commute Distance,Region,Age,Purchased Bike,Age Group
12496,Married,Female,40000,1,Bachelors,Skilled Manual,Yes,0,0-1 Miles,Europe,42,No,Middle-aged
24107,Married,Male,30000,3,Partial College,Clerical,Yes,1,0-1 Miles,Europe,43,No,Middle-aged
14177,Married,Male,80000,5,Partial College,Professional,No,2,2-5 Miles,Europe,60,No,Senior
24381,Single,Male,70000,0,Bachelors,Professional,Yes,1,5-10 Miles,Pacific,41,Yes,Middle-aged
25597,Single,Male,30000,0,Bachelors,Clerical,No,0,0-1 Miles,Europe,36,Yes,Young
13507,Married,Female,10000,2,Partial College,Manual,Yes,0,1-2 Miles,Europe,50,No,Middle-aged
27974,Single,Male,160000,2,High School,Management,Yes,4,0-1 Miles,Pacific,33,Yes,Young
19364,Married,Male,40000,1,Bachelors,Skilled Manual,Yes,0,0-1 Miles,Europe,43,Yes,Middle-aged
22155,Married,Male,20000,2,Partial High School,Clerical,Yes,2,5-10 Miles,Pacific,58,No,Middle-aged
19280,Married,Male,120000,2,Partial College,Manual,Yes,1,0-1 Miles,Europe,40,Yes,Middle-aged
22173,Married,Female,30000,3,High School,Skilled Manual,No,2,1-2 Miles,Pacific,54,Yes,Middle-aged
12697,Single,Female,90000,0,Bachelors,Professional,No,4,10+ Miles,Pacific,36,No,Young
11434,Married,Male,170000,5,Partial College,Professional,Yes,0,0-1 Miles,Europe,55,No,Middle-aged
25323,Married,Male,40000,2,Partial College,Clerical,Yes,1,1-2 Miles,Europe,35,Yes,Young
23542,Single,Male,60000,1,Partial College,Skilled Manual,No,1,0-1 Miles,Pacific,45,Yes,Middle-aged
20870,Single,Female,10000,2,High School,Manual,Yes,1,0-1 Miles,Europe,38,Yes,Young
23316,Single,Male,30000,3,Partial College,Clerical,No,2,1-2 Miles,Pacific,59,Yes,Middle-aged
12610,Married,Female,30000,1,Bachelors,Clerical,Yes,0,0-1 Miles,Europe,47,No,Middle-aged
27183,Single,Male,40000,2,Partial College,Clerical,Yes,1,1-2 Miles,Europe,35,Yes,Young
25940,Single,Male,20000,2,Partial High School,Clerical,Yes,2,5-10 Miles,Pacific,55,Yes,Middle-aged
25598,Married,Female,40000,0,Graduate Degree,Clerical,Yes,0,0-1 Miles,Europe,36,Yes,Young
21564,Single,Female,80000,0,Bachelors,Professional,Yes,4,10+ Miles,Pacific,35,No,Young
19193,Single,Male,40000,2,Partial College,Clerical,Yes,0,1-2 Miles,Europe,35,Yes,Young
26412,Married,Female,80000,5,High School,Management,No,3,5-10 Miles,Europe,56,No,Middle-aged
27184,Single,Male,40000,2,Partial College,Clerical,No,1,0-1 Miles,Europe,34,No,Young
12590,Single,Male,30000,1,Bachelors,Clerical,Yes,0,0-1 Miles,Europe,63,No,Senior
17841,Single,Male,30000,0,Partial College,Clerical,No,1,0-1 Miles,Europe,29,Yes,Young
18283,Single,Female,100000,0,Bachelors,Professional,No,1,5-10 Miles,Pacific,40,No,Middle-aged
18299,Married,Male,70000,5,Partial College,Skilled Manual,Yes,2,5-10 Miles,Pacific,44,No,Middle-aged
16466,Single,Female,20000,0,Partial High School,Manual,No,2,0-1 Miles,Europe,32,Yes,Young
19273,Married,Female,20000,2,Partial College,Manual,Yes,0,0-1 Miles,Europe,63,No,Senior
22400,Married,Male,10000,0,Partial College,Manual,No,1,0-1 Miles,Pacific,26,Yes,Young
20942,Single,Female,20000,0,High School,Manual,No,1,5-10 Miles,Europe,31,No,Young
18484,Single,Male,80000,2,High School,Skilled Manual,No,2,1-2 Miles,Pacific,50,Yes,Middle-aged
12291,Single,Male,90000,5,Partial College,Professional,No,2,2-5 Miles,Europe,62,Yes,Senior
28380,Single,Female,10000,5,Partial High School,Manual,No,2,0-1 Miles,Europe,41,No,Middle-aged
17891,Married,Female,10000,2,Partial College,Manual,Yes,1,0-1 Miles,Europe,50,Yes,Middle-aged
27832,Single,Female,30000,0,Partial College,Clerical,No,1,2-5 Miles,Europe,30,No,Young
26863,Single,Male,20000,0,High School,Manual,No,1,2-5 Miles,Europe,28,No,Young
16259,Single,Female,10000,4,Partial High School,Manual,Yes,2,0-1 Miles,Europe,40,Yes,Middle-aged
27803,Single,Female,30000,2,Partial College,Clerical,No,0,0-1 Miles,Europe,43,No,Middle-aged
14347,Single,Female,40000,2,Bachelors,Management,Yes,2,5-10 Miles,Pacific,65,Yes,Senior
17703,Married,Female,10000,1,Graduate Degree,Manual,Yes,0,0-1 Miles,Europe,40,No,Middle-aged
17185,Married,Female,170000,4,Partial College,Professional,No,3,5-10 Miles,Europe,48,Yes,Middle-aged
29380,Married,Female,20000,3,High School,Manual,Yes,0,0-1 Miles,Europe,41,Yes,Middle-aged
23986,Married,Female,20000,1,Bachelors,Clerical,Yes,0,0-1 Miles,Europe,66,Yes,Senior
24466,Married,Female,60000,1,Partial College,Skilled Manual,Yes,1,5-10 Miles,Pacific,46,Yes,Middle-aged
29097,Single,Female,40000,2,Partial College,Skilled Manual,Yes,2,5-10 Miles,Pacific,52,Yes,Middle-aged
19487,Married,Male,30000,2,Partial College,Clerical,No,2,0-1 Miles,Europe,42,No,Middle-aged
14939,Single,Male,40000,0,Bachelors,Clerical,Yes,0,0-1 Miles,Europe,39,Yes,Young
13826,Single,Female,30000,0,Partial College,Clerical,No,1,0-1 Miles,Europe,28,No,Young
20619,Single,Male,80000,0,Bachelors,Professional,No,4,10+ Miles,Pacific,35,No,Young
12558,Married,Female,20000,1,Bachelors,Clerical,Yes,0,0-1 Miles,Europe,65,No,Senior
24871,Single,Female,90000,4,High School,Management,No,3,5-10 Miles,Europe,56,No,Middle-aged
17319,Single,Female,70000,0,Bachelors,Professional,No,1,5-10 Miles,Pacific,42,No,Middle-aged
28906,Married,Male,80000,4,High School,Professional,Yes,2,10+ Miles,Europe,54,No,Middle-aged
12808,Married,Male,40000,0,Bachelors,Clerical,Yes,0,0-1 Miles,Europe,38,Yes,Young
20567,Married,Male,130000,4,Partial College,Professional,No,4,5-10 Miles,Europe,61,Yes,Senior
25502,Married,Female,40000,1,Bachelors,Skilled Manual,Yes,0,0-1 Miles,Europe,43,Yes,Middle-aged
15580,Married,Male,60000,2,Bachelors,Professional,Yes,1,2-5 Miles,Pacific,38,Yes,Young
24185,Single,Female,10000,1,High School,Manual,No,1,1-2 Miles,Europe,45,No,Middle-aged
19291,Single,Female,10000,2,High School,Manual,Yes,0,0-1 Miles,Europe,35,No,Young
16713,Married,Male,40000,2,Bachelors,Management,Yes,1,0-1 Miles,Pacific,52,Yes,Middle-aged
16185,Single,Male,60000,4,Bachelors,Professional,Yes,3,10+ Miles,Pacific,41,No,Middle-aged
14927,Married,Female,30000,1,Bachelors,Clerical,Yes,0,0-1 Miles,Europe,37,Yes,Young
29337,Single,Male,30000,2,Partial College,Clerical,Yes,2,5-10 Miles,Pacific,68,No,Senior
29355,Married,Female,40000,0,Graduate Degree,Clerical,Yes,0,0-1 Miles,Europe,37,Yes,Young
25303,Single,Male,30000,0,High School,Manual,Yes,1,2-5 Miles,Europe,33,Yes,Young
14813,Single,Female,20000,4,High School,Manual,Yes,1,0-1 Miles,Europe,43,Yes,Middle-aged
16438,Married,Female,10000,0,Partial High School,Manual,No,2,0-1 Miles,Europe,30,No,Young
14238,Married,Male,120000,0,Partial High School,Professional,Yes,4,10+ Miles,Pacific,36,Yes,Young
16200,Single,Female,10000,0,Partial High School,Manual,No,2,0-1 Miles,Europe,35,No,Young
24857,Married,Female,130000,3,High School,Professional,Yes,4,0-1 Miles,Europe,52,No,Middle-aged
26956,Single,Female,20000,0,Partial College,Manual,No,1,2-5 Miles,Europe,36,Yes,Young
14517,Married,Female,20000,3,High School,Skilled Manual,No,2,1-2 Miles,Pacific,62,No,Senior
12678,Single,Female,130000,4,High School,Management,Yes,4,0-1 Miles,Pacific,31,No,Young
16188,Single,Female,20000,0,Partial High School,Manual,No,2,1-2 Miles,Europe,26,No,Young
27969,Married,Male,80000,0,Bachelors,Professional,Yes,2,10+ Miles,Pacific,29,Yes,Young
15752,Married,Male,80000,2,High School,Skilled Manual,No,2,1-2 Miles,Pacific,50,Yes,Middle-aged
27745,Single,Male,40000,2,Bachelors,Management,Yes,2,5-10 Miles,Pacific,63,Yes,Senior
20828,Married,Female,30000,4,Graduate Degree,Clerical,Yes,0,0-1 Miles,Europe,45,Yes,Middle-aged
19461,Single,Female,10000,4,Partial High School,Manual,Yes,2,0-1 Miles,Europe,40,No,Middle-aged
26941,Married,Male,30000,0,Bachelors,Clerical,Yes,0,0-1 Miles,Europe,47,Yes,Middle-aged
28412,Single,Male,20000,0,High School,Manual,No,1,2-5 Miles,Europe,29,No,Young
24485,Single,Male,40000,2,Bachelors,Management,No,1,5-10 Miles,Pacific,52,Yes,Middle-aged
16514,Single,Male,10000,0,Partial College,Manual,Yes,1,1-2 Miles,Pacific,26,Yes,Young
17191,Single,Male,130000,3,Partial College,Professional,No,3,0-1 Miles,Europe,51,Yes,Middle-aged
19608,Married,Male,80000,5,Bachelors,Professional,Yes,4,1-2 Miles,Pacific,40,No,Middle-aged
24119,Single,Male,30000,0,Partial College,Clerical,No,1,2-5 Miles,Europe,29,No,Young
25458,Married,Male,20000,1,High School,Manual,No,1,1-2 Miles,Europe,40,Yes,Middle-aged
26886,Single,Female,30000,0,Partial College,Clerical,No,1,0-1 Miles,Europe,29,Yes,Young
28436,Single,Male,30000,0,Partial College,Clerical,No,1,0-1 Miles,Europe,30,Yes,Young
19562,Single,Female,60000,2,Bachelors,Professional,Yes,1,2-5 Miles,Pacific,37,Yes,Young
15608,Single,Female,30000,0,Partial College,Clerical,No,1,2-5 Miles,Europe,33,No,Young
16487,Single,Female,30000,3,High School,Skilled Manual,Yes,2,5-10 Miles,Pacific,55,No,Middle-aged
17197,Single,Female,90000,5,Partial College,Professional,Yes,2,10+ Miles,Europe,62,No,Senior
12507,Married,Male,30000,1,Partial College,Clerical,Yes,1,0-1 Miles,Europe,43,No,Middle-aged
23940,Married,Male,40000,1,Bachelors,Skilled Manual,Yes,1,0-1 Miles,Europe,44,Yes,Middle-aged
19441,Married,Male,40000,0,Graduate Degree,Clerical,Yes,0,0-1 Miles,Europe,25,Yes,Young
26852,Married,Female,20000,3,High School,Manual,Yes,2,0-1 Miles,Europe,43,No,Middle-aged
12274,Single,Male,10000,2,High School,Manual,Yes,0,0-1 Miles,Europe,35,No,Young
20236,Single,Male,60000,3,Bachelors,Professional,No,2,0-1 Miles,Pacific,43,Yes,Middle-aged
24149,Married,Male,10000,2,Partial College,Manual,Yes,0,1-2 Miles,Europe,49,No,Middle-aged
26139,Single,Male,60000,1,Partial College,Skilled Manual,Yes,1,5-10 Miles,Pacific,45,No,Middle-aged
18491,Single,Female,70000,2,High School,Professional,Yes,2,5-10 Miles,Pacific,49,Yes,Middle-aged
22707,Single,Female,30000,0,Partial College,Clerical,No,1,2-5 Miles,Europe,30,No,Young
20430,Married,Male,70000,2,Partial College,Skilled Manual,Yes,2,5-10 Miles,Pacific,52,Yes,Middle-aged
27494,Single,Female,40000,2,Partial College,Skilled Manual,No,2,1-2 Miles,Pacific,53,Yes,Middle-aged
26829,Married,Female,40000,0,Bachelors,Clerical,Yes,0,0-1 Miles,Europe,38,Yes,Young
28395,Single,Male,40000,0,Bachelors,Professional,No,0,0-1 Miles,Europe,39,Yes,Young
21006,Single,Female,30000,1,Partial College,Manual,No,0,0-1 Miles,Europe,46,Yes,Middle-aged
14682,Single,Female,70000,0,Bachelors,Professional,No,1,5-10 Miles,Pacific,38,No,Young
17650,Single,Female,40000,2,Partial College,Clerical,Yes,2,1-2 Miles,Europe,35,No,Young
29191,Single,Female,130000,1,Graduate Degree,Management,No,1,0-1 Miles,Pacific,36,Yes,Young
15030,Married,Male,20000,0,Bachelors,Clerical,Yes,0,0-1 Miles,Pacific,26,Yes,Young
24140,Single,Male,10000,0,Graduate Degree,Manual,No,0,0-1 Miles,Europe,30,Yes,Young
22496,Married,Female,30000,1,Bachelors,Skilled Manual,Yes,2,0-1 Miles,Europe,42,No,Middle-aged
24065,Single,Female,20000,0,High School,Manual,Yes,0,0-1 Miles,Europe,40,Yes,Middle-aged
19914,Married,Male,80000,5,Bachelors,Management,Yes,2,2-5 Miles,Europe,62,No,Senior
12871,Single,Female,30000,0,Partial College,Clerical,No,1,2-5 Miles,Europe,29,No,Young
22988,Married,Female,40000,2,Bachelors,Management,Yes,2,5-10 Miles,Pacific,66,Yes,Senior
15922,Married,Male,150000,2,High School,Professional,Yes,4,0-1 Miles,Europe,48,No,Middle-aged
12344,Single,Female,80000,0,Bachelors,Professional,No,3,10+ Miles,Pacific,31,No,Young
23627,Single,Female,100000,3,Partial College,Management,No,4,5-10 Miles,Europe,56,No,Middle-aged
27775,Single,Female,40000,0,Bachelors,Clerical,No,0,0-1 Miles,Europe,38,Yes,Young
29301,Married,Male,80000,5,Bachelors,Professional,Yes,4,1-2 Miles,Pacific,40,No,Middle-aged
12716,Single,Male,30000,0,Partial College,Clerical,Yes,1,2-5 Miles,Europe,32,No,Young
12472,Married,Male,30000,1,Bachelors,Clerical,Yes,1,2-5 Miles,Europe,39,No,Young
20970,Single,Male,10000,2,Partial College,Manual,Yes,1,0-1 Miles,Europe,52,Yes,Middle-aged
26818,Single,Male,10000,3,High School,Manual,Yes,1,0-1 Miles,Europe,39,Yes,Young
12993,Married,Male,60000,2,Bachelors,Professional,Yes,1,2-5 Miles,Pacific,37,No,Young
14192,Married,Male,90000,4,High School,Management,Yes,3,5-10 Miles,Europe,56,Yes,Middle-aged
19477,Married,Male,40000,0,Bachelors,Professional,Yes,0,0-1 Miles,Europe,40,Yes,Middle-aged
26796,Single,Male,40000,2,Bachelors,Management,Yes,2,5-10 Miles,Pacific,65,Yes,Senior
21094,Single,Female,30000,2,Partial College,Clerical,Yes,2,0-1 Miles,Europe,42,No,Middle-aged
12234,Married,Male,10000,2,Partial College,Manual,Yes,1,2-5 Miles,Europe,52,No,Middle-aged
28683,Single,Female,10000,1,High School,Manual,No,1,5-10 Miles,Europe,35,Yes,Young
17994,Single,Male,20000,2,High School,Manual,Yes,2,0-1 Miles,Europe,42,No,Middle-aged
24273,Married,Female,20000,2,Partial High School,Clerical,Yes,2,5-10 Miles,Pacific,55,Yes,Middle-aged
26547,Single,Female,30000,2,Partial College,Clerical,No,2,5-10 Miles,Pacific,60,Yes,Senior
22500,Single,Male,40000,0,Bachelors,Professional,No,0,0-1 Miles,Europe,40,Yes,Middle-aged
23993,Single,Female,10000,0,Partial College,Manual,No,1,0-1 Miles,Pacific,26,Yes,Young
14832,Married,Male,40000,1,Bachelors,Skilled Manual,Yes,0,0-1 Miles,Europe,42,Yes,Middle-aged
16614,Married,Female,80000,0,Bachelors,Professional,Yes,3,10+ Miles,Pacific,32,No,Young
20877,Single,Male,30000,1,Bachelors,Clerical,Yes,0,1-2 Miles,Europe,37,Yes,Young
20729,Married,Female,40000,2,Partial College,Clerical,No,1,0-1 Miles,Europe,34,No,Young
22464,Married,Male,40000,0,Graduate Degree,Clerical,Yes,0,0-1 Miles,Europe,37,Yes,Young
19475,Married,Female,40000,0,Bachelors,Professional,No,0,0-1 Miles,Europe,40,Yes,Middle-aged
19675,Married,Male,20000,4,High School,Skilled Manual,Yes,2,5-10 Miles,Pacific,60,No,Senior
12728,Single,Male,30000,0,Partial College,Clerical,No,1,1-2 Miles,Europe,27,No,Young
26154,Married,Male,60000,1,Partial College,Skilled Manual,Yes,1,5-10 Miles,Pacific,43,Yes,Middle-aged
29117,Single,Male,100000,1,Bachelors,Management,No,3,0-1 Miles,Pacific,48,No,Middle-aged
17845,Single,Female,20000,0,Partial High School,Manual,No,2,1-2 Miles,Europe,32,No,Young
25058,Married,Male,100000,1,Bachelors,Management,Yes,3,2-5 Miles,Pacific,47,No,Middle-aged
23426,Single,Male,80000,5,Graduate Degree,Management,Yes,3,0-1 Miles,Pacific,40,No,Middle-aged
14798,Single,Female,10000,4,Partial High School,Manual,Yes,2,0-1 Miles,Europe,41,Yes,Middle-aged
12664,Married,Female,130000,5,Partial College,Professional,Yes,4,0-1 Miles,Europe,59,No,Middle-aged
23979,Single,Male,10000,2,Partial College,Manual,No,0,0-1 Miles,Europe,50,No,Middle-aged
25605,Single,Female,20000,2,Partial College,Manual,No,1,0-1 Miles,Europe,54,Yes,Middle-aged
20797,Married,Female,10000,1,Bachelors,Manual,Yes,0,0-1 Miles,Europe,48,No,Middle-aged
21980,Single,Female,60000,1,Bachelors,Professional,Yes,1,5-10 Miles,Pacific,44,Yes,Middle-aged
25460,Married,Female,20000,2,High School,Manual,Yes,0,0-1 Miles,Europe,40,Yes,Middle-aged
29181,Single,Female,60000,2,Bachelors,Professional,No,1,0-1 Miles,Pacific,38,Yes,Young
24279,Single,Male,40000,2,Partial College,Skilled Manual,No,2,1-2 Miles,Pacific,52,No,Middle-aged
22402,Married,Male,10000,0,Partial College,Manual,Yes,1,2-5 Miles,Pacific,25,Yes,Young
15465,Married,Female,10000,0,Partial College,Manual,No,1,0-1 Miles,Pacific,25,No,Young
26757,Single,Male,90000,1,Bachelors,Professional,Yes,1,2-5 Miles,Pacific,47,Yes,Middle-aged
14233,Single,Male,100000,0,High School,Management,Yes,3,10+ Miles,Pacific,35,No,Young
14058,Single,Male,70000,0,Bachelors,Professional,No,1,5-10 Miles,Pacific,41,Yes,Middle-aged
12273,Married,Male,30000,1,Bachelors,Clerical,Yes,0,0-1 Miles,Europe,47,No,Middle-aged
17203,Married,Female,130000,4,Partial College,Professional,Yes,4,5-10 Miles,Europe,61,Yes,Senior
18144,Married,Female,80000,5,Bachelors,Management,Yes,2,2-5 Miles,Europe,61,No,Senior
23963,Married,Male,10000,0,Partial High School,Manual,No,2,0-1 Miles,Europe,33,No,Young
17907,Married,Female,10000,0,Partial College,Manual,Yes,1,2-5 Miles,Pacific,27,No,Young
19442,Single,Male,50000,0,Graduate Degree,Skilled Manual,Yes,0,0-1 Miles,Europe,37,Yes,Young
17504,Single,Female,80000,2,Partial College,Skilled Manual,Yes,2,5-10 Miles,Pacific,52,Yes,Middle-aged
12253,Single,Female,20000,0,Partial College,Manual,Yes,0,0-1 Miles,Pacific,29,Yes,Young
27304,Single,Female,110000,2,Partial College,Professional,No,3,5-10 Miles,Europe,48,No,Middle-aged
14191,Married,Male,160000,4,Partial College,Professional,No,2,10+ Miles,Europe,55,Yes,Middle-aged
12212,Married,Female,10000,0,Graduate Degree,Manual,Yes,0,0-1 Miles,Europe,37,Yes,Young
25529,Single,Male,10000,1,Graduate Degree,Manual,Yes,0,0-1 Miles,Europe,44,No,Middle-aged
22170,Married,Female,30000,3,Partial College,Clerical,No,2,1-2 Miles,Pacific,55,Yes,Middle-aged
19445,Married,Female,10000,2,High School,Manual,No,1,0-1 Miles,Europe,38,No,Young
15265,Single,Male,40000,2,Bachelors,Management,Yes,2,5-10 Miles,Pacific,66,Yes,Senior
28918,Married,Female,130000,4,High School,Management,No,4,10+ Miles,Europe,58,No,Middle-aged
15799,Married,Female,90000,1,Bachelors,Professional,Yes,1,2-5 Miles,Pacific,47,Yes,Middle-aged
11047,Married,Female,30000,3,High School,Skilled Manual,No,2,1-2 Miles,Pacific,56,Yes,Middle-aged
18151,Single,Male,80000,5,Partial College,Professional,No,2,10+ Miles,Europe,59,No,Middle-aged
20606,Married,Female,70000,0,Bachelors,Professional,Yes,4,10+ Miles,Pacific,32,Yes,Young
19482,Married,Male,30000,1,Partial College,Clerical,Yes,1,0-1 Miles,Europe,44,Yes,Middle-aged
16489,Married,Male,30000,3,High School,Skilled Manual,Yes,2,5-10 Miles,Pacific,55,No,Middle-aged
26944,Single,Male,90000,2,High School,Manual,Yes,0,0-1 Miles,Europe,36,Yes,Young
15682,Single,Female,80000,5,Bachelors,Management,Yes,2,10+ Miles,Europe,62,No,Senior
26032,Married,Female,70000,5,Bachelors,Professional,Yes,4,10+ Miles,Pacific,41,No,Middle-aged
17843,Single,Female,10000,0,Partial High School,Manual,No,2,0-1 Miles,Europe,32,No,Young
25559,Single,Male,20000,0,Bachelors,Clerical,Yes,0,0-1 Miles,Pacific,25,Yes,Young
16209,Single,Female,50000,0,Graduate Degree,Skilled Manual,Yes,0,1-2 Miles,Europe,36,No,Young
11147,Married,Male,60000,2,Graduate Degree,Management,Yes,1,0-1 Miles,Pacific,67,Yes,Senior
15214,Single,Female,100000,0,Graduate Degree,Management,No,1,1-2 Miles,Pacific,39,Yes,Young
11453,Single,Male,80000,0,Bachelors,Professional,No,3,10+ Miles,Pacific,33,Yes,Young
24584,Single,Male,60000,0,Bachelors,Professional,No,3,2-5 Miles,Pacific,31,No,Young
12585,Married,Male,10000,1,High School,Manual,Yes,0,2-5 Miles,Pacific,27,Yes,Young
18626,Single,Male,40000,2,Partial College,Clerical,Yes,0,1-2 Miles,Europe,33,Yes,Young
29298,Single,Female,60000,1,Partial College,Skilled Manual,Yes,1,5-10 Miles,Pacific,46,Yes,Middle-aged
24842,Single,Female,90000,3,High School,Professional,No,1,2-5 Miles,Europe,51,No,Middle-aged
15657,Married,Male,30000,3,Graduate Degree,Clerical,Yes,0,0-1 Miles,Europe,46,Yes,Middle-aged
11415,Single,Male,90000,5,Partial College,Professional,No,2,10+ Miles,Europe,62,No,Senior
28729,Single,Female,20000,0,Partial High School,Manual,Yes,2,1-2 Miles,Europe,26,Yes,Young
22633,Single,Female,40000,0,Graduate Degree,Clerical,Yes,0,0-1 Miles,Europe,37,Yes,Young
25649,Single,Female,30000,3,Partial College,Clerical,Yes,0,0-1 Miles,Europe,42,Yes,Middle-aged
14669,Married,Female,80000,4,Graduate Degree,Management,Yes,1,0-1 Miles,Pacific,36,No,Young
19299,Married,Female,50000,0,Graduate Degree,Skilled Manual,Yes,0,0-1 Miles,Europe,36,Yes,Young
20946,Single,Female,30000,0,Partial College,Clerical,No,1,2-5 Miles,Europe,30,No,Young
11451,Single,Male,70000,0,Bachelors,Professional,No,4,10+ Miles,Pacific,31,Yes,Young
25553,Married,Male,30000,1,Bachelors,Clerical,Yes,0,0-1 Miles,Europe,65,Yes,Senior
27951,Single,Male,80000,4,Partial College,Professional,No,2,2-5 Miles,Europe,54,Yes,Middle-aged
25026,Married,Male,20000,2,Partial High School,Clerical,Yes,3,5-10 Miles,Pacific,54,No,Middle-aged
13673,Single,Female,20000,0,Partial High School,Manual,No,2,0-1 Miles,Europe,25,No,Young
16043,Single,Male,10000,1,Bachelors,Manual,Yes,0,0-1 Miles,Europe,48,No,Middle-aged
22399,Single,Male,10000,0,Partial College,Manual,Yes,1,1-2 Miles,Pacific,26,Yes,Young
27696,Married,Male,60000,1,Bachelors,Professional,Yes,1,5-10 Miles,Pacific,43,Yes,Middle-aged
25313,Single,Male,10000,0,Partial High School,Manual,No,2,1-2 Miles,Europe,35,No,Young
13813,Married,Female,30000,3,Partial College,Clerical,No,0,0-1 Miles,Europe,42,No,Middle-aged
18711,Single,Female,70000,5,Bachelors,Professional,Yes,4,10+ Miles,Pacific,39,No,Young
19650,Married,Female,30000,2,Partial College,Clerical,No,2,0-1 Miles,Pacific,67,No,Senior
14135,Married,Male,20000,1,Partial College,Manual,Yes,0,1-2 Miles,Europe,35,No,Young
12833,Single,Female,20000,3,High School,Manual,Yes,1,0-1 Miles,Europe,42,Yes,Middle-aged
26849,Married,Male,10000,3,Partial High School,Manual,Yes,2,0-1 Miles,Europe,43,No,Middle-aged
20962,Married,Female,20000,1,Graduate Degree,Clerical,Yes,0,0-1 Miles,Europe,45,No,Middle-aged
28915,Single,Male,80000,5,High School,Management,Yes,3,10+ Miles,Europe,57,No,Middle-aged
22830,Married,Male,120000,4,Partial College,Management,Yes,3,10+ Miles,Europe,56,No,Middle-aged
14777,Married,Female,40000,0,Bachelors,Clerical,Yes,0,0-1 Miles,Europe,38,Yes,Young
12591,Married,Female,30000,4,Graduate Degree,Clerical,Yes,0,0-1 Miles,Europe,45,No,Middle-aged
24174,Married,Male,20000,0,Bachelors,Clerical,Yes,0,0-1 Miles,Pacific,27,Yes,Young
24611,Single,Male,90000,0,Bachelors,Professional,No,4,10+ Miles,Pacific,35,Yes,Young
11340,Married,Female,10000,1,Graduate Degree,Clerical,Yes,0,0-1 Miles,Europe,70,Yes,Senior
25693,Single,Female,30000,5,Graduate Degree,Clerical,Yes,0,0-1 Miles,Europe,44,Yes,Middle-aged
25555,Married,Female,10000,0,Partial College,Manual,No,1,0-1 Miles,Pacific,26,Yes,Young
22006,Married,Male,70000,5,Partial College,Skilled Manual,Yes,3,5-10 Miles,Pacific,46,No,Middle-aged
20060,Single,Female,30000,0,High School,Manual,No,1,2-5 Miles,Europe,34,Yes,Young
17702,Married,Male,10000,1,Graduate Degree,Manual,Yes,0,0-1 Miles,Europe,37,No,Young
12503,Single,Female,30000,3,Partial College,Clerical,Yes,2,0-1 Miles,Europe,27,No,Young
23908,Single,Male,30000,1,Bachelors,Clerical,No,1,0-1 Miles,Europe,39,Yes,Young
22527,Single,Female,20000,0,High School,Manual,No,1,2-5 Miles,Europe,29,No,Young
19057,Married,Female,120000,3,Bachelors,Management,No,2,10+ Miles,Europe,52,Yes,Middle-aged
18494,Married,Male,110000,5,Bachelors,Management,Yes,4,2-5 Miles,Pacific,48,Yes,Middle-aged
11249,Married,Female,130000,3,Partial College,Professional,Yes,3,0-1 Miles,Europe,51,Yes,Middle-aged
21568,Married,Female,100000,0,High School,Management,Yes,4,10+ Miles,Pacific,34,Yes,Young
13981,Married,Female,10000,5,High School,Skilled Manual,No,3,1-2 Miles,Pacific,62,No,Senior
23432,Single,Male,70000,0,Bachelors,Professional,Yes,1,5-10 Miles,Pacific,37,Yes,Young
22931,Married,Male,100000,5,Graduate Degree,Management,No,1,1-2 Miles,Pacific,78,Yes,Senior
18172,Married,Male,130000,4,High School,Professional,Yes,3,0-1 Miles,Europe,55,No,Middle-aged
12666,Single,Male,60000,0,Bachelors,Professional,No,4,2-5 Miles,Pacific,31,No,Young
20598,Married,Male,100000,3,Partial High School,Professional,Yes,0,10+ Miles,Europe,59,Yes,Middle-aged
21375,Single,Male,20000,2,Partial High School,Clerical,Yes,2,5-10 Miles,Pacific,57,No,Middle-aged
20839,Single,Female,30000,3,Graduate Degree,Clerical,Yes,0,0-1 Miles,Europe,47,Yes,Middle-aged
21738,Married,Male,20000,1,Graduate Degree,Clerical,Yes,0,0-1 Miles,Europe,43,No,Middle-aged
14164,Single,Female,50000,0,Graduate Degree,Skilled Manual,Yes,0,0-1 Miles,Europe,36,Yes,Young
14193,Single,Female,100000,3,Partial College,Management,Yes,4,10+ Miles,Europe,56,No,Middle-aged
12705,Married,Male,150000,0,Bachelors,Management,Yes,4,0-1 Miles,Pacific,37,Yes,Young
22672,Single,Female,30000,2,Partial College,Clerical,Yes,0,0-1 Miles,Europe,43,No,Middle-aged
26219,Married,Female,40000,1,Bachelors,Skilled Manual,Yes,1,1-2 Miles,Europe,33,Yes,Young
28468,Married,Female,10000,2,Partial College,Manual,Yes,0,1-2 Miles,Europe,51,No,Middle-aged
23419,Single,Female,70000,5,Bachelors,Professional,Yes,3,10+ Miles,Pacific,39,No,Young
17964,Married,Male,40000,0,Graduate Degree,Clerical,Yes,0,0-1 Miles,Europe,37,Yes,Young
20919,Single,Female,30000,2,Partial College,Clerical,Yes,2,0-1 Miles,Europe,42,No,Middle-aged
20927,Single,Female,20000,5,High School,Manual,Yes,2,0-1 Miles,Europe,27,No,Young
13133,Single,Male,100000,5,Bachelors,Professional,Yes,1,5-10 Miles,Pacific,47,Yes,Middle-aged
19626,Married,Male,70000,5,Partial College,Skilled Manual,Yes,3,5-10 Miles,Pacific,45,No,Middle-aged
21039,Single,Female,50000,0,Graduate Degree,Skilled Manual,No,0,0-1 Miles,Europe,37,Yes,Young
12231,Single,Female,10000,2,Partial College,Manual,Yes,0,0-1 Miles,Europe,51,Yes,Middle-aged
25665,Single,Female,20000,0,High School,Manual,No,1,1-2 Miles,Europe,28,No,Young
24061,Married,Male,10000,4,Partial High School,Manual,Yes,1,0-1 Miles,Europe,40,Yes,Middle-aged
26879,Single,Female,20000,0,High School,Manual,No,1,2-5 Miles,Europe,30,No,Young
12284,Married,Female,30000,0,Bachelors,Clerical,No,0,0-1 Miles,Europe,36,Yes,Young
26654,Married,Female,90000,1,Graduate Degree,Management,Yes,0,0-1 Miles,Pacific,37,Yes,Young
14545,Married,Female,10000,2,Partial College,Manual,Yes,0,1-2 Miles,Europe,49,No,Middle-aged
24201,Married,Female,10000,2,High School,Manual,Yes,0,0-1 Miles,Europe,37,Yes,Young
20625,Married,Male,100000,0,High School,Management,Yes,3,10+ Miles,Pacific,35,Yes,Young
16390,Single,Male,30000,1,Bachelors,Clerical,No,0,0-1 Miles,Europe,38,Yes,Young
14804,Single,Female,10000,3,Partial High School,Manual,Yes,2,0-1 Miles,Europe,43,No,Middle-aged
12629,Single,Male,20000,1,Partial College,Manual,No,0,0-1 Miles,Europe,37,No,Young
14696,Single,Male,10000,0,Partial High School,Manual,No,2,0-1 Miles,Europe,34,No,Young
22005,Married,Female,70000,5,Partial College,Skilled Manual,No,3,5-10 Miles,Pacific,46,No,Middle-aged
14544,Single,Male,10000,1,Partial College,Manual,Yes,0,0-1 Miles,Europe,49,No,Middle-aged
14312,Married,Female,60000,1,Partial College,Skilled Manual,Yes,1,5-10 Miles,Pacific,45,No,Middle-aged
29120,Single,Female,100000,1,Bachelors,Management,Yes,4,2-5 Miles,Pacific,48,No,Middle-aged
24187,Single,Female,30000,3,Graduate Degree,Clerical,No,0,0-1 Miles,Europe,46,Yes,Middle-aged
15758,Married,Male,130000,0,Graduate Degree,Management,Yes,0,5-10 Miles,Pacific,48,No,Middle-aged
29094,Married,Male,30000,3,High School,Skilled Manual,Yes,2,5-10 Miles,Pacific,54,Yes,Middle-aged
28319,Single,Female,60000,1,Partial College,Skilled Manual,No,1,0-1 Miles,Pacific,46,Yes,Middle-aged
16406,Married,Male,40000,0,Bachelors,Clerical,No,0,0-1 Miles,Europe,38,Yes,Young
20923,Married,Female,40000,1,Bachelors,Skilled Manual,Yes,0,0-1 Miles,Europe,42,Yes,Middle-aged
11378,Single,Female,10000,1,High School,Manual,No,1,2-5 Miles,Europe,46,Yes,Middle-aged
20851,Single,Male,20000,0,Partial College,Manual,No,1,2-5 Miles,Europe,36,Yes,Young
21557,Single,Female,110000,0,Partial College,Management,Yes,3,10+ Miles,Pacific,32,Yes,Young
26663,Single,Female,60000,2,Bachelors,Professional,No,1,0-1 Miles,Pacific,39,Yes,Young
11896,Married,Male,100000,1,Graduate Degree,Management,Yes,0,2-5 Miles,Pacific,36,Yes,Young
14189,Married,Female,90000,4,High School,Professional,No,2,2-5 Miles,Europe,54,Yes,Middle-aged
13136,Married,Female,30000,2,Partial College,Clerical,No,2,5-10 Miles,Pacific,69,No,Senior
25906,Single,Female,10000,5,High School,Skilled Manual,No,2,1-2 Miles,Pacific,62,No,Senior
17926,Single,Female,40000,0,Bachelors,Clerical,No,0,0-1 Miles,Pacific,28,Yes,Young
26928,Single,Male,30000,1,Bachelors,Clerical,Yes,0,0-1 Miles,Europe,62,Yes,Senior
20897,Married,Female,30000,1,Bachelors,Skilled Manual,Yes,2,0-1 Miles,Europe,40,No,Middle-aged
28207,Married,Male,80000,4,Graduate Degree,Management,Yes,1,0-1 Miles,Pacific,36,Yes,Young
25923,Single,Male,10000,2,Partial High School,Clerical,Yes,2,5-10 Miles,Pacific,58,No,Middle-aged
11000,Married,Male,90000,2,Bachelors,Professional,Yes,0,1-2 Miles,Pacific,40,Yes,Middle-aged
20974,Married,Male,10000,2,Bachelors,Clerical,Yes,1,0-1 Miles,Europe,66,No,Senior
28758,Married,Male,40000,2,Partial College,Clerical,Yes,1,1-2 Miles,Europe,35,Yes,Young
11381,Married,Female,20000,2,Partial College,Manual,Yes,1,2-5 Miles,Europe,47,Yes,Middle-aged
17522,Married,Male,120000,4,Bachelors,Management,Yes,1,2-5 Miles,Pacific,47,No,Middle-aged
21207,Married,Male,60000,1,Partial College,Skilled Manual,Yes,1,5-10 Miles,Pacific,46,No,Middle-aged
28102,Married,Male,20000,4,High School,Skilled Manual,Yes,2,5-10 Miles,Pacific,58,Yes,Middle-aged
23105,Single,Male,40000,3,Partial High School,Clerical,No,2,5-10 Miles,Pacific,52,Yes,Middle-aged
18740,Married,Male,80000,5,Bachelors,Professional,No,1,0-1 Miles,Pacific,47,Yes,Middle-aged
21213,Single,Male,70000,0,Bachelors,Professional,No,1,5-10 Miles,Pacific,41,No,Middle-aged
17352,Married,Male,50000,2,Graduate Degree,Management,Yes,1,5-10 Miles,Pacific,64,Yes,Senior
14154,Married,Male,30000,0,Bachelors,Clerical,Yes,0,0-1 Miles,Europe,35,Yes,Young
19066,Married,Male,130000,4,Partial College,Professional,No,3,10+ Miles,Europe,54,No,Middle-aged
11386,Married,Female,30000,3,Bachelors,Clerical,Yes,0,0-1 Miles,Europe,45,No,Middle-aged
20228,Married,Male,100000,0,Graduate Degree,Management,Yes,0,2-5 Miles,Pacific,40,Yes,Middle-aged
16675,Single,Female,160000,0,Graduate Degree,Management,No,3,0-1 Miles,Pacific,47,Yes,Middle-aged
16410,Single,Female,10000,4,Partial High School,Manual,Yes,2,0-1 Miles,Europe,41,Yes,Middle-aged
27760,Single,Female,40000,0,Graduate Degree,Clerical,No,0,0-1 Miles,Europe,37,Yes,Young
22930,Married,Male,90000,4,Bachelors,Professional,Yes,0,1-2 Miles,Pacific,38,Yes,Young
23780,Single,Male,40000,2,Partial College,Clerical,No,2,0-1 Miles,Europe,36,Yes,Young
20994,Married,Female,20000,0,Bachelors,Clerical,No,0,0-1 Miles,Pacific,26,Yes,Young
28379,Married,Male,30000,1,Bachelors,Skilled Manual,Yes,2,0-1 Miles,Europe,40,No,Middle-aged
14865,Single,Male,40000,2,Partial College,Clerical,Yes,2,1-2 Miles,Europe,36,No,Young
12663,Married,Female,90000,5,Partial High School,Skilled Manual,Yes,2,10+ Miles,Europe,59,No,Middle-aged
24898,Single,Female,80000,0,Bachelors,Professional,Yes,3,10+ Miles,Pacific,32,No,Young
19508,Married,Male,10000,0,Partial High School,Manual,No,2,0-1 Miles,Europe,30,No,Young
11489,Single,Female,20000,0,Partial High School,Manual,No,2,1-2 Miles,Europe,35,Yes,Young
18160,Married,Male,130000,3,High School,Professional,Yes,4,5-10 Miles,Europe,51,Yes,Middle-aged
25241,Married,Male,90000,2,Bachelors,Professional,Yes,1,5-10 Miles,Pacific,47,No,Middle-aged
24369,Married,Male,80000,5,Graduate Degree,Management,No,2,0-1 Miles,Pacific,39,No,Young
27165,Single,Male,20000,0,Partial High School,Manual,No,2,0-1 Miles,Europe,34,No,Young
29424,Married,Male,10000,0,Partial High School,Manual,Yes,2,0-1 Miles,Europe,32,No,Young
15926,Single,Female,120000,3,High School,Professional,Yes,4,5-10 Miles,Europe,50,Yes,Middle-aged
14554,Married,Male,20000,1,Bachelors,Clerical,Yes,0,0-1 Miles,Europe,66,No,Senior
16468,Single,Male,30000,0,Partial College,Clerical,Yes,1,2-5 Miles,Europe,30,No,Young
19174,Single,Female,30000,0,High School,Manual,No,1,2-5 Miles,Europe,32,Yes,Young
19183,Single,Male,10000,0,Partial High School,Manual,Yes,2,1-2 Miles,Europe,35,No,Young
13683,Single,Female,30000,0,High School,Manual,No,1,2-5 Miles,Europe,32,No,Young
17848,Single,Male,30000,0,Partial College,Clerical,No,1,2-5 Miles,Europe,31,Yes,Young
17894,Married,Female,20000,1,Bachelors,Clerical,Yes,0,0-1 Miles,Europe,50,Yes,Middle-aged
25651,Married,Male,40000,1,Bachelors,Skilled Manual,No,0,0-1 Miles,Europe,43,Yes,Middle-aged
22936,Single,Female,60000,1,Partial College,Skilled Manual,No,1,0-1 Miles,Pacific,45,Yes,Middle-aged
23915,Married,Male,20000,2,High School,Manual,Yes,2,0-1 Miles,Europe,42,No,Middle-aged
24121,Single,Female,30000,0,Partial College,Clerical,No,1,0-1 Miles,Europe,29,Yes,Young
27878,Single,Male,20000,0,Partial College,Manual,No,0,0-1 Miles,Pacific,28,Yes,Young
13572,Single,Male,10000,3,High School,Manual,Yes,0,0-1 Miles,Europe,37,Yes,Young
27941,Married,Female,80000,4,Partial College,Professional,Yes,2,2-5 Miles,Europe,53,No,Middle-aged
26354,Single,Male,40000,0,Graduate Degree,Clerical,No,0,0-1 Miles,Europe,38,Yes,Young
14785,Single,Male,30000,1,Bachelors,Clerical,No,1,1-2 Miles,Europe,39,No,Young
17238,Single,Male,80000,0,Bachelors,Professional,Yes,3,10+ Miles,Pacific,32,No,Young
23608,Married,Female,150000,3,High School,Professional,Yes,3,0-1 Miles,Europe,51,Yes,Middle-aged
22538,Single,Female,10000,0,Partial High School,Manual,Yes,2,1-2 Miles,Europe,33,No,Young
12332,Married,Male,90000,4,High School,Management,Yes,3,5-10 Miles,Europe,58,Yes,Middle-aged
17230,Married,Male,80000,0,Bachelors,Professional,Yes,3,10+ Miles,Pacific,30,No,Young
13082,Single,Male,130000,0,Graduate Degree,Management,Yes,0,2-5 Miles,Pacific,48,Yes,Middle-aged
22518,Single,Female,30000,3,Partial College,Clerical,No,2,0-1 Miles,Europe,27,Yes,Young
13687,Married,Male,40000,1,Bachelors,Skilled Manual,Yes,1,0-1 Miles,Europe,33,Yes,Young
23571,Married,Female,40000,2,Bachelors,Management,Yes,2,0-1 Miles,Pacific,66,Yes,Senior
19305,Single,Female,10000,2,High School,Manual,Yes,1,0-1 Miles,Europe,38,Yes,Young
22636,Single,Female,40000,0,Bachelors,Clerical,No,0,0-1 Miles,Europe,38,Yes,Young
17310,Married,Male,60000,1,Partial College,Skilled Manual,Yes,1,0-1 Miles,Pacific,45,Yes,Middle-aged
12133,Married,Female,130000,3,Partial College,Professional,Yes,3,5-10 Miles,Europe,50,Yes,Middle-aged
25918,Single,Female,30000,2,Partial College,Clerical,No,2,5-10 Miles,Pacific,60,Yes,Senior
25752,Single,Female,20000,2,Partial College,Manual,No,1,0-1 Miles,Europe,53,Yes,Middle-aged
17324,Married,Female,100000,4,Bachelors,Professional,Yes,1,10+ Miles,Pacific,46,No,Middle-aged
22918,Single,Male,80000,5,Graduate Degree,Management,Yes,3,0-1 Miles,Pacific,50,No,Middle-aged
12510,Married,Male,40000,1,Bachelors,Skilled Manual,Yes,1,0-1 Miles,Europe,43,Yes,Middle-aged
25512,Single,Male,20000,0,High School,Manual,No,1,2-5 Miles,Europe,30,No,Young
16179,Single,Female,80000,5,Bachelors,Professional,Yes,4,1-2 Miles,Pacific,38,No,Young
15628,Married,Female,40000,1,Bachelors,Skilled Manual,Yes,1,0-1 Miles,Europe,89,No,Senior
20977,Married,Male,20000,1,Bachelors,Clerical,Yes,0,0-1 Miles,Europe,64,Yes,Senior
18140,Married,Male,130000,3,Partial College,Professional,No,3,5-10 Miles,Europe,51,Yes,Middle-aged
20417,Married,Male,30000,3,Partial College,Clerical,No,2,5-10 Miles,Pacific,56,No,Middle-aged
18267,Married,Male,60000,3,Bachelors,Professional,Yes,2,5-10 Miles,Pacific,43,No,Middle-aged
13620,Single,Male,70000,0,Bachelors,Professional,No,3,10+ Miles,Pacific,30,Yes,Young
22974,Married,Female,30000,2,Partial College,Clerical,Yes,2,5-10 Miles,Pacific,69,No,Senior
13586,Married,Male,80000,4,Partial College,Professional,Yes,2,10+ Miles,Europe,53,No,Middle-aged
17978,Married,Male,40000,0,Graduate Degree,Clerical,Yes,0,0-1 Miles,Europe,37,Yes,Young
12581,Single,Female,10000,0,Partial College,Manual,No,1,0-1 Miles,Pacific,28,Yes,Young
18018,Single,Male,30000,3,Partial College,Clerical,Yes,0,0-1 Miles,Europe,43,No,Middle-aged
28957,Single,Female,120000,0,Partial High School,Professional,Yes,4,10+ Miles,Pacific,34,Yes,Young
13690,Single,Female,20000,0,Partial High School,Manual,No,2,1-2 Miles,Europe,34,Yes,Young
12568,Married,Female,30000,1,Bachelors,Clerical,Yes,0,0-1 Miles,Europe,64,No,Senior
13122,Married,Female,80000,0,Bachelors,Professional,Yes,1,1-2 Miles,Pacific,41,Yes,Middle-aged
21184,Single,Male,70000,0,Bachelors,Professional,No,1,5-10 Miles,Pacific,38,No,Young
26150,Single,Female,70000,0,Bachelors,Professional,No,1,0-1 Miles,Pacific,41,Yes,Middle-aged
24151,Single,Male,20000,1,Bachelors,Clerical,No,0,0-1 Miles,Europe,51,No,Middle-aged
23962,Married,Female,10000,0,Partial High School,Manual,Yes,2,1-2 Miles,Europe,32,No,Young
17793,Married,Female,40000,0,Bachelors,Clerical,Yes,0,0-1 Miles,Europe,38,Yes,Young
14926,Married,Male,30000,1,Bachelors,Clerical,Yes,0,0-1 Miles,Europe,38,Yes,Young
16163,Single,Male,60000,2,Bachelors,Professional,Yes,1,2-5 Miles,Pacific,38,Yes,Young
21365,Married,Female,10000,2,Partial High School,Clerical,Yes,2,5-10 Miles,Pacific,58,No,Middle-aged
27771,Single,Male,30000,1,Bachelors,Clerical,Yes,1,1-2 Miles,Europe,39,Yes,Young
26167,Single,Female,40000,2,Bachelors,Management,No,1,5-10 Miles,Pacific,53,Yes,Middle-aged
25792,Single,Female,110000,3,Bachelors,Management,Yes,4,10+ Miles,Europe,53,No,Middle-aged
11555,Married,Female,40000,1,Bachelors,Clerical,Yes,0,0-1 Miles,Europe,80,No,Senior
22381,Married,Male,10000,1,Graduate Degree,Manual,Yes,0,0-1 Miles,Europe,44,No,Middle-aged
17882,Married,Male,20000,1,Graduate Degree,Clerical,Yes,0,0-1 Miles,Europe,44,No,Middle-aged
22174,Married,Male,30000,3,High School,Skilled Manual,Yes,2,5-10 Miles,Pacific,54,Yes,Middle-aged
22439,Married,Female,30000,0,Bachelors,Clerical,Yes,0,0-1 Miles,Europe,37,Yes,Young
18012,Married,Female,40000,1,Bachelors,Skilled Manual,Yes,0,0-1 Miles,Europe,41,No,Middle-aged
27582,Single,Female,90000,2,Bachelors,Professional,No,0,0-1 Miles,Pacific,36,Yes,Young
12744,Single,Female,40000,2,Partial College,Clerical,Yes,0,0-1 Miles,Europe,33,No,Young
22821,Married,Female,130000,3,Partial College,Professional,Yes,4,0-1 Miles,Europe,52,No,Middle-aged
20171,Married,Female,20000,2,Partial College,Manual,Yes,1,0-1 Miles,Europe,46,Yes,Middle-aged
11116,Married,Male,70000,5,Partial College,Skilled Manual,Yes,2,5-10 Miles,Pacific,43,No,Middle-aged
20053,Single,Male,40000,2,Partial College,Clerical,Yes,0,0-1 Miles,Europe,34,No,Young
25266,Single,Female,30000,2,Partial College,Clerical,No,2,5-10 Miles,Pacific,67,No,Senior
17960,Married,Female,40000,0,Graduate Degree,Clerical,Yes,0,0-1 Miles,Europe,35,Yes,Young
13961,Married,Female,80000,5,Graduate Degree,Management,Yes,3,0-1 Miles,Pacific,40,No,Middle-aged
11897,Single,Male,60000,2,Bachelors,Professional,No,1,0-1 Miles,Pacific,37,Yes,Young
11139,Single,Female,30000,2,Partial College,Clerical,No,2,5-10 Miles,Pacific,67,No,Senior
11576,Married,Male,30000,1,Bachelors,Skilled Manual,Yes,2,0-1 Miles,Europe,41,Yes,Middle-aged
19255,Single,Male,10000,2,Partial College,Manual,Yes,1,0-1 Miles,Europe,51,Yes,Middle-aged
18153,Married,Female,100000,2,Bachelors,Management,Yes,4,10+ Miles,Europe,59,No,Middle-aged
14547,Married,Male,10000,2,Partial College,Manual,Yes,0,1-2 Miles,Europe,51,No,Middle-aged
24901,Single,Male,110000,0,Partial College,Management,No,3,10+ Miles,Pacific,32,Yes,Young
27169,Single,Male,30000,0,High School,Manual,Yes,1,2-5 Miles,Europe,34,Yes,Young
14805,Single,Female,10000,3,Partial High School,Manual,Yes,2,0-1 Miles,Europe,43,No,Middle-aged
15822,Married,Male,40000,2,Bachelors,Management,Yes,2,0-1 Miles,Pacific,67,No,Senior
19389,Single,Male,30000,0,Partial College,Clerical,No,1,2-5 Miles,Europe,28,No,Young
17048,Single,Female,90000,1,Graduate Degree,Management,Yes,0,0-1 Miles,Pacific,36,Yes,Young
22204,Married,Male,110000,4,Bachelors,Management,Yes,3,2-5 Miles,Pacific,48,No,Middle-aged
12718,Single,Female,30000,0,Partial College,Clerical,Yes,1,2-5 Miles,Europe,31,No,Young
15019,Single,Female,30000,3,High School,Skilled Manual,Yes,2,5-10 Miles,Pacific,55,No,Middle-aged
28488,Single,Male,20000,0,Partial College,Manual,Yes,0,0-1 Miles,Pacific,28,Yes,Young
21891,Married,Female,110000,0,High School,Management,Yes,3,10+ Miles,Pacific,34,Yes,Young
27814,Single,Female,30000,3,Partial College,Clerical,No,1,0-1 Miles,Europe,26,No,Young
22175,Married,Female,30000,3,High School,Skilled Manual,Yes,2,5-10 Miles,Pacific,53,Yes,Middle-aged
29447,Single,Female,10000,2,Bachelors,Clerical,No,1,2-5 Miles,Europe,68,No,Senior
19784,Married,Female,80000,2,High School,Skilled Manual,Yes,2,5-10 Miles,Pacific,50,Yes,Middle-aged
27824,Single,Female,30000,3,Partial College,Clerical,Yes,2,0-1 Miles,Europe,28,Yes,Young
24093,Single,Female,80000,0,Graduate Degree,Skilled Manual,No,0,0-1 Miles,Europe,40,Yes,Middle-aged
19618,Married,Male,70000,5,Partial College,Skilled Manual,Yes,2,0-1 Miles,Pacific,44,No,Middle-aged
21561,Single,Male,90000,0,Bachelors,Professional,No,3,10+ Miles,Pacific,34,Yes,Young
11061,Married,Male,70000,2,Partial College,Skilled Manual,Yes,2,5-10 Miles,Pacific,52,Yes,Middle-aged
26651,Single,Male,80000,4,Graduate Degree,Management,Yes,0,0-1 Miles,Pacific,36,Yes,Young
21108,Married,Female,40000,1,Bachelors,Skilled Manual,Yes,1,0-1 Miles,Europe,43,Yes,Middle-aged
12731,Single,Male,30000,0,High School,Manual,No,1,1-2 Miles,Europe,32,No,Young
25307,Married,Female,40000,1,Bachelors,Skilled Manual,Yes,1,1-2 Miles,Europe,32,Yes,Young
14278,Married,Female,130000,0,Graduate Degree,Management,Yes,1,10+ Miles,Pacific,48,No,Middle-aged
20711,Married,Female,40000,1,Bachelors,Skilled Manual,Yes,0,1-2 Miles,Europe,32,Yes,Young
11383,Married,Female,30000,3,Graduate Degree,Clerical,Yes,0,0-1 Miles,Europe,46,No,Middle-aged
12497,Married,Female,40000,1,Bachelors,Skilled Manual,Yes,0,0-1 Miles,Europe,42,No,Middle-aged
16559,Single,Female,10000,2,High School,Manual,Yes,0,0-1 Miles,Europe,36,Yes,Young
11585,Married,Female,40000,1,Bachelors,Skilled Manual,Yes,0,0-1 Miles,Europe,41,No,Middle-aged
20277,Married,Female,30000,2,Partial College,Clerical,No,2,0-1 Miles,Pacific,69,No,Senior
26765,Single,Female,70000,5,Partial College,Skilled Manual,Yes,2,5-10 Miles,Pacific,45,No,Middle-aged
12389,Single,Male,30000,0,High School,Manual,No,1,2-5 Miles,Europe,34,No,Young
13585,Married,Female,80000,4,Partial College,Professional,No,1,2-5 Miles,Europe,53,Yes,Middle-aged
26385,Single,Male,120000,3,High School,Professional,No,4,5-10 Miles,Europe,50,No,Middle-aged
12236,Married,Female,20000,1,Partial College,Manual,Yes,0,0-1 Miles,Europe,65,No,Senior
21560,Married,Male,120000,0,Partial High School,Professional,Yes,4,10+ Miles,Pacific,32,Yes,Young
21554,Single,Female,80000,0,Bachelors,Professional,No,3,10+ Miles,Pacific,33,No,Young
13662,Single,Male,20000,0,Partial High School,Manual,Yes,2,1-2 Miles,Europe,31,Yes,Young
13089,Married,Female,120000,1,Bachelors,Management,Yes,2,0-1 Miles,Pacific,46,Yes,Middle-aged
14791,Married,Female,40000,0,Bachelors,Clerical,Yes,0,0-1 Miles,Europe,39,Yes,Young
19331,Single,Male,20000,2,High School,Manual,Yes,1,0-1 Miles,Europe,40,No,Middle-aged
17754,Single,Female,30000,3,Bachelors,Clerical,Yes,0,0-1 Miles,Europe,46,Yes,Middle-aged
11149,Married,Male,40000,2,Bachelors,Management,Yes,2,0-1 Miles,Pacific,65,No,Senior
16549,Single,Female,30000,3,Bachelors,Clerical,Yes,0,0-1 Miles,Europe,47,Yes,Middle-aged
24305,Single,Male,100000,1,Bachelors,Management,No,3,0-1 Miles,Pacific,46,Yes,Middle-aged
18253,Married,Female,80000,5,Graduate Degree,Management,Yes,3,0-1 Miles,Pacific,40,No,Middle-aged
20147,Married,Female,30000,1,Bachelors,Clerical,Yes,0,0-1 Miles,Europe,65,No,Senior
15612,Single,Male,30000,0,High School,Manual,No,1,1-2 Miles,Europe,28,No,Young
28323,Single,Male,70000,0,Bachelors,Professional,No,2,5-10 Miles,Pacific,43,Yes,Middle-aged
22634,Single,Female,40000,0,Graduate Degree,Clerical,Yes,0,0-1 Miles,Europe,38,Yes,Young
15665,Married,Female,30000,0,Bachelors,Clerical,Yes,0,0-1 Miles,Europe,47,Yes,Middle-aged
27585,Married,Female,90000,2,Bachelors,Professional,No,0,0-1 Miles,Pacific,36,Yes,Young
19748,Married,Male,20000,4,High School,Skilled Manual,No,2,1-2 Miles,Pacific,60,No,Senior
21974,Single,Female,70000,0,Bachelors,Professional,Yes,1,5-10 Miles,Pacific,42,Yes,Middle-aged
14032,Married,Male,70000,2,High School,Skilled Manual,No,2,1-2 Miles,Pacific,50,Yes,Middle-aged
22610,Married,Male,30000,0,Bachelors,Clerical,Yes,0,0-1 Miles,Europe,35,Yes,Young
26984,Married,Male,40000,1,Bachelors,Skilled Manual,Yes,1,0-1 Miles,Europe,32,Yes,Young
18294,Married,Female,90000,1,Bachelors,Professional,Yes,1,5-10 Miles,Pacific,46,No,Middle-aged
28564,Single,Female,40000,2,Partial College,Clerical,Yes,0,1-2 Miles,Europe,33,Yes,Young
28521,Single,Male,40000,0,Graduate Degree,Clerical,No,0,0-1 Miles,Europe,36,Yes,Young
15450,Married,Male,10000,1,Graduate Degree,Clerical,Yes,0,0-1 Miles,Europe,70,No,Senior
25681,Single,Female,30000,0,Partial College,Clerical,No,1,2-5 Miles,Europe,31,Yes,Young
19491,Single,Male,30000,2,Partial College,Clerical,Yes,2,0-1 Miles,Europe,42,No,Middle-aged
26415,Married,Female,90000,4,Partial High School,Skilled Manual,Yes,4,10+ Miles,Europe,58,No,Middle-aged
12821,Married,Male,40000,0,Bachelors,Clerical,Yes,0,0-1 Miles,Europe,39,No,Young
15629,Single,Female,10000,0,Partial High School,Manual,Yes,2,1-2 Miles,Europe,34,No,Young
27835,Married,Male,20000,0,Partial High School,Manual,Yes,2,0-1 Miles,Europe,32,No,Young
11738,Married,Male,60000,4,Bachelors,Professional,Yes,0,2-5 Miles,North America,46,No,Middle-aged
25065,Married,Male,70000,2,Partial High School,Skilled Manual,Yes,2,5-10 Miles,North America,48,No,Middle-aged
26238,Single,Female,40000,3,Partial College,Clerical,Yes,1,1-2 Miles,North America,31,Yes,Young
23707,Single,Male,70000,5,Bachelors,Management,Yes,3,10+ Miles,North America,60,Yes,Senior
27650,Married,Male,70000,4,High School,Professional,Yes,0,5-10 Miles,North America,51,No,Middle-aged
24981,Married,Male,60000,2,Partial College,Professional,Yes,2,10+ Miles,North America,56,No,Middle-aged
20678,Single,Female,60000,3,Bachelors,Skilled Manual,Yes,1,2-5 Miles,North America,40,Yes,Middle-aged
15302,Single,Female,70000,1,Graduate Degree,Professional,Yes,0,2-5 Miles,North America,34,Yes,Young
26012,Married,Male,80000,1,Partial College,Skilled Manual,Yes,1,2-5 Miles,North America,48,Yes,Middle-aged
26575,Single,Female,40000,0,High School,Skilled Manual,No,2,1-2 Miles,North America,31,Yes,Young
15559,Married,Male,60000,5,Bachelors,Professional,Yes,1,2-5 Miles,North America,47,No,Middle-aged
19235,Married,Female,50000,0,Graduate Degree,Skilled Manual,Yes,0,0-1 Miles,North America,34,No,Young
15275,Married,Male,40000,0,Partial College,Skilled Manual,Yes,1,5-10 Miles,North America,29,No,Young
20339,Married,Female,130000,1,Bachelors,Management,Yes,4,2-5 Miles,North America,44,Yes,Middle-aged
25405,Married,Male,70000,2,Bachelors,Skilled Manual,Yes,1,2-5 Miles,North America,38,Yes,Young
15940,Married,Male,100000,4,Partial College,Professional,Yes,4,0-1 Miles,North America,40,No,Middle-aged
25074,Married,Female,70000,4,Bachelors,Professional,Yes,2,2-5 Miles,North America,42,Yes,Middle-aged
24738,Married,Female,40000,1,Partial College,Clerical,Yes,1,1-2 Miles,North America,51,Yes,Middle-aged
16337,Married,Male,60000,0,Partial College,Skilled Manual,No,2,1-2 Miles,North America,29,No,Young
24357,Married,Male,80000,3,Bachelors,Professional,Yes,1,2-5 Miles,North America,48,Yes,Middle-aged
18613,Single,Male,70000,0,Bachelors,Professional,No,1,2-5 Miles,North America,37,Yes,Young
12207,Single,Male,80000,4,Bachelors,Management,Yes,0,5-10 Miles,North America,66,Yes,Senior
18052,Married,Female,60000,1,Partial College,Skilled Manual,Yes,1,0-1 Miles,North America,45,Yes,Middle-aged
13353,Single,Female,60000,4,Graduate Degree,Management,Yes,2,10+ Miles,North America,61,Yes,Senior
19399,Single,Male,40000,0,Bachelors,Professional,No,1,2-5 Miles,North America,45,No,Middle-aged
16154,Married,Female,70000,5,Bachelors,Professional,Yes,2,2-5 Miles,North America,47,No,Middle-aged
22219,Married,Female,60000,2,High School,Professional,Yes,2,5-10 Miles,North America,49,No,Middle-aged
17269,Single,Male,60000,3,Bachelors,Professional,No,0,0-1 Miles,North America,47,Yes,Middle-aged
23586,Married,Female,80000,0,Bachelors,Management,Yes,1,1-2 Miles,North America,34,Yes,Young
15740,Married,Male,80000,5,Bachelors,Management,Yes,2,1-2 Miles,North America,64,No,Senior
27638,Single,Male,100000,1,Partial College,Professional,No,3,1-2 Miles,North America,44,No,Middle-aged
18976,Single,Male,40000,4,High School,Professional,Yes,2,10+ Miles,North America,62,Yes,Senior
19413,Single,Male,60000,3,Bachelors,Professional,No,1,0-1 Miles,North America,47,Yes,Middle-aged
13283,Married,Male,80000,3,Partial College,Professional,No,2,0-1 Miles,North America,49,Yes,Middle-aged
17471,Single,Female,80000,4,Graduate Degree,Management,Yes,2,5-10 Miles,North America,67,No,Senior
16791,Single,Male,60000,5,Bachelors,Management,Yes,3,10+ Miles,North America,59,Yes,Middle-aged
15382,Married,Female,110000,1,Bachelors,Management,Yes,2,1-2 Miles,North America,44,No,Middle-aged
11641,Married,Male,50000,1,Bachelors,Skilled Manual,Yes,0,0-1 Miles,North America,36,No,Young
11935,Single,Female,30000,0,Partial College,Skilled Manual,Yes,1,5-10 Miles,North America,28,No,Young
13233,Married,Male,60000,2,Partial College,Professional,Yes,1,10+ Miles,North America,57,Yes,Middle-aged
25909,Married,Male,60000,0,Partial College,Skilled Manual,Yes,1,5-10 Miles,North America,27,Yes,Young
14092,Single,Male,30000,0,Partial High School,Clerical,Yes,2,5-10 Miles,North America,28,No,Young
29143,Single,Female,60000,1,Bachelors,Professional,No,1,0-1 Miles,North America,44,Yes,Middle-aged
24941,Married,Male,60000,3,Bachelors,Management,Yes,2,10+ Miles,North America,66,No,Senior
24637,Married,Male,40000,4,High School,Professional,Yes,2,10+ Miles,North America,64,No,Senior
23893,Married,Male,50000,3,Bachelors,Skilled Manual,Yes,3,10+ Miles,North America,41,No,Middle-aged
13907,Single,Female,80000,3,Bachelors,Skilled Manual,Yes,1,0-1 Miles,North America,41,Yes,Middle-aged
14900,Married,Female,40000,1,Partial College,Clerical,Yes,1,1-2 Miles,North America,49,Yes,Middle-aged
11262,Married,Female,80000,4,Bachelors,Management,Yes,0,0-1 Miles,North America,42,No,Middle-aged
22294,Single,Female,70000,0,Bachelors,Professional,No,1,2-5 Miles,North America,37,Yes,Young
12195,Single,Female,70000,3,Graduate Degree,Management,Yes,2,1-2 Miles,North America,52,No,Middle-aged
25375,Married,Male,50000,1,Graduate Degree,Skilled Manual,Yes,0,1-2 Miles,North America,34,No,Young
11143,Married,Male,40000,0,High School,Skilled Manual,Yes,2,5-10 Miles,North America,29,No,Young
25898,Married,Female,70000,2,High School,Professional,Yes,2,2-5 Miles,North America,53,No,Middle-aged
24397,Single,Male,120000,2,Bachelors,Management,No,4,1-2 Miles,North America,40,No,Middle-aged
19758,Single,Male,60000,0,Partial College,Skilled Manual,No,2,1-2 Miles,North America,29,No,Young
15529,Married,Male,60000,4,Bachelors,Professional,Yes,2,2-5 Miles,North America,43,Yes,Middle-aged
19884,Married,Male,60000,2,High School,Professional,Yes,2,2-5 Miles,North America,55,Yes,Middle-aged
18674,Single,Female,80000,4,Graduate Degree,Skilled Manual,No,0,0-1 Miles,North America,48,No,Middle-aged
13453,Married,Female,130000,3,Bachelors,Management,Yes,3,0-1 Miles,North America,45,Yes,Middle-aged
14063,Single,Female,70000,0,Bachelors,Professional,No,1,0-1 Miles,Pacific,42,Yes,Middle-aged
27393,Married,Female,50000,4,Bachelors,Management,Yes,2,10+ Miles,North America,63,No,Senior
14417,Single,Male,60000,3,High School,Professional,Yes,2,10+ Miles,North America,54,Yes,Middle-aged
17533,Married,Male,40000,3,Partial College,Professional,No,2,5-10 Miles,North America,73,Yes,Senior
18580,Married,Female,60000,2,Graduate Degree,Professional,Yes,0,2-5 Miles,North America,40,Yes,Middle-aged
17025,Single,Male,50000,0,Partial College,Skilled Manual,No,1,2-5 Miles,North America,39,Yes,Young
25293,Married,Male,80000,4,Bachelors,Management,Yes,0,1-2 Miles,North America,42,No,Middle-aged
24725,Married,Female,40000,3,Partial College,Clerical,Yes,0,1-2 Miles,North America,31,No,Young
23200,Married,Female,50000,3,Bachelors,Skilled Manual,Yes,2,0-1 Miles,North America,41,No,Middle-aged
15895,Single,Female,60000,2,Bachelors,Management,Yes,0,10+ Miles,North America,58,No,Middle-aged
18577,Married,Female,60000,0,Graduate Degree,Professional,Yes,0,0-1 Miles,North America,40,No,Middle-aged
27218,Married,Female,20000,2,Partial High School,Clerical,No,0,0-1 Miles,North America,48,No,Middle-aged
18560,Married,Female,70000,2,Graduate Degree,Professional,Yes,0,2-5 Miles,North America,34,Yes,Young
25006,Single,Female,30000,0,Partial College,Skilled Manual,Yes,1,5-10 Miles,North America,28,No,Young
17369,Single,Male,30000,0,Partial College,Skilled Manual,Yes,1,5-10 Miles,North America,27,No,Young
14495,Married,Male,40000,3,Partial College,Professional,No,2,5-10 Miles,North America,54,Yes,Middle-aged
18847,Married,Female,60000,2,Graduate Degree,Management,Yes,2,5-10 Miles,North America,70,No,Senior
14754,Married,Male,40000,1,Partial College,Clerical,Yes,1,1-2 Miles,North America,48,Yes,Middle-aged
23378,Married,Male,70000,1,Partial College,Skilled Manual,Yes,1,2-5 Miles,North America,44,Yes,Middle-aged
26452,Single,Male,50000,3,Graduate Degree,Management,Yes,2,10+ Miles,North America,69,No,Senior
20370,Married,Male,70000,3,Partial High School,Skilled Manual,Yes,2,5-10 Miles,North America,52,No,Middle-aged
20528,Married,Male,40000,2,Partial High School,Skilled Manual,Yes,2,2-5 Miles,North America,55,No,Middle-aged
23549,Single,Male,30000,0,High School,Skilled Manual,Yes,2,5-10 Miles,North America,30,No,Young
21751,Married,Male,60000,3,Graduate Degree,Management,Yes,2,1-2 Miles,North America,63,No,Senior
21266,Single,Female,80000,0,Bachelors,Management,Yes,1,1-2 Miles,North America,34,Yes,Young
13388,Single,Male,60000,2,Partial College,Professional,Yes,1,10+ Miles,North America,56,No,Middle-aged
18752,Single,Female,40000,0,High School,Skilled Manual,Yes,1,5-10 Miles,North America,31,No,Young
16917,Married,Male,120000,1,Bachelors,Management,Yes,4,0-1 Miles,North America,38,No,Young
15313,Married,Male,60000,4,Bachelors,Management,Yes,2,2-5 Miles,North America,59,No,Middle-aged
25329,Single,Female,40000,3,Partial College,Clerical,No,2,0-1 Miles,North America,32,No,Young
20380,Married,Female,60000,3,Graduate Degree,Management,Yes,2,10+ Miles,North America,69,No,Senior
23089,Married,Male,40000,0,Partial College,Skilled Manual,Yes,1,5-10 Miles,North America,28,No,Young
13749,Married,Male,80000,4,Graduate Degree,Skilled Manual,Yes,0,1-2 Miles,North America,47,No,Middle-aged
24943,Married,Male,60000,3,Bachelors,Management,Yes,2,10+ Miles,North America,66,No,Senior
28667,Single,Male,70000,2,Bachelors,Skilled Manual,No,1,0-1 Miles,North America,37,Yes,Young
15194,Single,Male,120000,2,Bachelors,Management,No,3,0-1 Miles,North America,39,Yes,Young
17436,Married,Male,60000,2,High School,Professional,No,2,1-2 Miles,North America,51,No,Middle-aged
18935,Married,Female,130000,0,Graduate Degree,Management,Yes,3,1-2 Miles,North America,40,No,Middle-aged
16871,Married,Female,90000,2,High School,Professional,Yes,1,10+ Miles,North America,51,Yes,Middle-aged
12100,Single,Male,60000,2,Bachelors,Management,Yes,0,10+ Miles,North America,57,No,Middle-aged
23158,Married,Female,60000,1,Graduate Degree,Professional,No,0,0-1 Miles,North America,35,Yes,Young
18545,Married,Male,40000,4,High School,Professional,No,2,10+ Miles,North America,61,Yes,Senior
18391,Single,Female,80000,5,Partial College,Professional,Yes,2,5-10 Miles,North America,44,No,Middle-aged
19812,Single,Female,70000,2,Partial College,Professional,Yes,0,5-10 Miles,North America,49,Yes,Middle-aged
27660,Married,Male,80000,4,Graduate Degree,Management,Yes,2,5-10 Miles,North America,70,No,Senior
18058,Single,Female,20000,3,High School,Skilled Manual,Yes,2,2-5 Miles,North America,78,No,Senior
20343,Married,Female,90000,4,Partial College,Professional,Yes,1,1-2 Miles,North America,45,No,Middle-aged
28997,Single,Male,40000,2,High School,Professional,No,1,2-5 Miles,North America,58,Yes,Middle-aged
24398,Married,Male,130000,1,Graduate Degree,Management,Yes,4,0-1 Miles,North America,41,No,Middle-aged
19002,Married,Female,60000,2,Partial College,Professional,Yes,1,2-5 Miles,North America,57,Yes,Middle-aged
28609,Married,Male,30000,2,High School,Skilled Manual,No,2,0-1 Miles,North America,49,No,Middle-aged
29231,Single,Male,80000,4,Partial College,Professional,No,2,0-1 Miles,North America,43,No,Middle-aged
18858,Single,Male,60000,2,Partial High School,Skilled Manual,Yes,2,5-10 Miles,North America,52,Yes,Middle-aged
20000,Married,Male,60000,1,Graduate Degree,Professional,Yes,0,0-1 Miles,North America,35,Yes,Young
25261,Married,Male,40000,0,High School,Skilled Manual,Yes,2,5-10 Miles,North America,27,No,Young
17458,Single,Male,70000,3,High School,Professional,Yes,0,5-10 Miles,North America,52,Yes,Middle-aged
11644,Single,Male,40000,2,Bachelors,Skilled Manual,Yes,0,2-5 Miles,North America,36,No,Young
16145,Single,Female,70000,5,Graduate Degree,Professional,Yes,3,10+ Miles,North America,46,Yes,Middle-aged
16890,Married,Male,60000,3,Partial High School,Skilled Manual,Yes,2,5-10 Miles,North America,52,Yes,Middle-aged
25983,Married,Male,70000,0,Bachelors,Professional,No,1,0-1 Miles,North America,43,No,Middle-aged
14633,Married,Male,60000,1,Partial College,Skilled Manual,Yes,1,2-5 Miles,North America,44,No,Middle-aged
22994,Married,Female,80000,0,Bachelors,Management,Yes,1,1-2 Miles,North America,34,Yes,Young
22983,Single,Female,30000,0,Partial High School,Clerical,Yes,2,5-10 Miles,North America,27,No,Young
25184,Single,Male,110000,1,Partial College,Professional,Yes,4,5-10 Miles,North America,45,Yes,Middle-aged
14469,Married,Female,100000,3,Partial College,Professional,Yes,4,1-2 Miles,North America,45,No,Middle-aged
11538,Single,Female,60000,4,Graduate Degree,Skilled Manual,No,0,0-1 Miles,North America,47,Yes,Middle-aged
16245,Single,Female,80000,4,Graduate Degree,Skilled Manual,Yes,0,1-2 Miles,North America,47,No,Middle-aged
17858,Married,Male,40000,4,High School,Skilled Manual,Yes,2,2-5 Miles,North America,44,Yes,Middle-aged
25347,Single,Female,20000,3,Partial High School,Clerical,No,2,0-1 Miles,North America,49,No,Middle-aged
15814,Single,Female,40000,0,High School,Skilled Manual,Yes,1,5-10 Miles,North America,30,No,Young
11259,Married,Female,100000,4,Partial College,Professional,Yes,4,2-5 Miles,North America,41,Yes,Middle-aged
11200,Married,Male,70000,4,Bachelors,Management,Yes,1,1-2 Miles,North America,58,No,Middle-aged
25101,Married,Male,60000,5,Bachelors,Professional,Yes,1,2-5 Miles,North America,47,No,Middle-aged
21801,Married,Female,70000,4,Partial College,Professional,Yes,1,1-2 Miles,North America,55,No,Middle-aged
25943,Single,Female,70000,0,Partial College,Skilled Manual,No,2,0-1 Miles,North America,27,Yes,Young
22127,Married,Male,60000,3,Graduate Degree,Management,Yes,2,1-2 Miles,North America,67,No,Senior
20414,Married,Female,60000,0,Partial College,Skilled Manual,Yes,2,5-10 Miles,North America,29,No,Young
23672,Married,Female,60000,3,Graduate Degree,Management,Yes,2,1-2 Miles,North America,67,No,Senior
29255,Single,Male,80000,3,Partial College,Professional,No,1,1-2 Miles,North America,51,Yes,Middle-aged
28815,Married,Female,50000,1,Graduate Degree,Skilled Manual,Yes,0,0-1 Miles,North America,35,No,Young
27753,Married,Male,40000,0,High School,Skilled Manual,No,2,1-2 Miles,North America,30,No,Young
27643,Single,Male,70000,5,Partial College,Professional,Yes,3,2-5 Miles,North America,44,No,Middle-aged
13754,Single,Female,80000,4,Graduate Degree,Skilled Manual,Yes,0,1-2 Miles,North America,48,No,Middle-aged
22088,Married,Female,130000,1,Bachelors,Management,Yes,2,0-1 Miles,North America,45,Yes,Middle-aged
27388,Married,Male,60000,3,Bachelors,Management,No,2,1-2 Miles,North America,66,No,Senior
24745,Single,Female,30000,2,High School,Skilled Manual,No,2,0-1 Miles,North America,49,No,Middle-aged
29237,Single,Female,120000,4,Partial College,Professional,Yes,3,5-10 Miles,North America,43,Yes,Middle-aged
15272,Single,Male,40000,0,High School,Skilled Manual,No,2,1-2 Miles,North America,30,No,Young
18949,Single,Male,70000,0,Graduate Degree,Management,Yes,2,5-10 Miles,North America,74,Yes,Senior
14507,Married,Male,100000,2,Graduate Degree,Management,Yes,3,1-2 Miles,North America,65,No,Senior
25886,Married,Female,60000,2,Partial College,Professional,Yes,2,2-5 Miles,North America,56,Yes,Middle-aged
21441,Married,Male,50000,4,Bachelors,Management,Yes,2,10+ Miles,North America,64,No,Senior
21741,Married,Female,70000,3,Partial College,Professional,Yes,2,5-10 Miles,North America,50,Yes,Middle-aged
14572,Married,Female,70000,3,Graduate Degree,Professional,Yes,0,2-5 Miles,North America,35,Yes,Young
23368,Married,Female,60000,5,Bachelors,Skilled Manual,Yes,3,10+ Miles,North America,41,No,Middle-aged
16217,Single,Female,60000,0,Graduate Degree,Skilled Manual,Yes,0,0-1 Miles,North America,39,No,Young
16247,Single,Female,60000,4,Graduate Degree,Skilled Manual,No,0,1-2 Miles,North America,47,No,Middle-aged
22010,Single,Male,40000,0,High School,Skilled Manual,Yes,2,5-10 Miles,North America,31,No,Young
25872,Single,Female,70000,2,Bachelors,Management,No,1,2-5 Miles,North America,58,Yes,Middle-aged
19164,Single,Female,70000,0,Bachelors,Professional,No,1,2-5 Miles,North America,38,Yes,Young
18435,Single,Female,70000,5,Graduate Degree,Management,Yes,2,10+ Miles,North America,67,Yes,Senior
14284,Single,Male,60000,0,Partial College,Professional,No,2,1-2 Miles,North America,32,Yes,Young
11287,Married,Male,70000,5,Partial College,Professional,No,3,5-10 Miles,North America,45,No,Middle-aged
13066,Single,Male,30000,0,High School,Skilled Manual,No,2,1-2 Miles,North America,31,Yes,Young
29106,Single,Male,40000,0,High School,Skilled Manual,No,2,1-2 Miles,North America,31,Yes,Young
26236,Married,Female,40000,3,Partial College,Clerical,Yes,1,0-1 Miles,North America,31,No,Young
17531,Married,Male,60000,2,High School,Professional,No,2,5-10 Miles,North America,50,No,Middle-aged
12964,Married,Male,70000,1,Partial College,Skilled Manual,Yes,1,0-1 Miles,North America,44,No,Middle-aged
19133,Single,Male,50000,2,Bachelors,Skilled Manual,Yes,1,2-5 Miles,North America,38,Yes,Young
24643,Single,Female,60000,4,Bachelors,Management,Yes,2,10+ Miles,North America,63,No,Senior
21599,Married,Female,60000,1,Graduate Degree,Professional,Yes,0,2-5 Miles,North America,36,Yes,Young
22976,Single,Male,40000,0,High School,Skilled Manual,No,2,0-1 Miles,North America,28,Yes,Young
27637,Single,Female,100000,1,Partial College,Professional,No,3,1-2 Miles,North America,44,No,Middle-aged
11890,Married,Female,70000,5,Graduate Degree,Professional,Yes,1,0-1 Miles,North America,47,No,Middle-aged
28580,Married,Female,80000,0,Graduate Degree,Skilled Manual,Yes,0,1-2 Miles,North America,40,Yes,Middle-aged
14443,Married,Male,130000,1,Graduate Degree,Management,Yes,4,0-1 Miles,North America,40,No,Middle-aged
17864,Married,Female,60000,1,Partial College,Skilled Manual,Yes,1,2-5 Miles,North America,46,Yes,Middle-aged
20505,Married,Female,40000,5,High School,Professional,No,2,10+ Miles,North America,61,No,Senior
14592,Married,Female,60000,0,Graduate Degree,Professional,Yes,0,0-1 Miles,North America,40,No,Middle-aged
22227,Married,Female,60000,2,High School,Professional,Yes,2,5-10 Miles,North America,50,No,Middle-aged
21471,Married,Male,70000,2,Partial College,Professional,Yes,1,10+ Miles,North America,59,No,Middle-aged
22252,Single,Female,60000,1,Graduate Degree,Professional,Yes,0,2-5 Miles,North America,36,Yes,Young
21260,Single,Female,40000,0,High School,Skilled Manual,Yes,2,5-10 Miles,North America,30,No,Young
11817,Single,Female,70000,4,Graduate Degree,Professional,Yes,0,2-5 Miles,North America,35,Yes,Young
19223,Married,Female,30000,2,High School,Skilled Manual,Yes,2,1-2 Miles,North America,48,No,Middle-aged
18517,Married,Male,100000,3,Bachelors,Management,Yes,4,0-1 Miles,North America,41,No,Middle-aged
21717,Married,Male,40000,2,Partial College,Clerical,Yes,1,0-1 Miles,North America,47,No,Middle-aged
13760,Married,Male,60000,4,Graduate Degree,Skilled Manual,No,0,0-1 Miles,North America,47,No,Middle-aged
18145,Married,Male,80000,5,Bachelors,Management,No,2,2-5 Miles,Europe,62,No,Senior
21770,Married,Male,60000,4,Bachelors,Management,Yes,2,10+ Miles,North America,60,No,Senior
11165,Married,Female,60000,0,Partial College,Skilled Manual,No,1,1-2 Miles,North America,33,No,Young
16377,Single,Female,80000,4,Graduate Degree,Skilled Manual,No,0,0-1 Miles,North America,47,No,Middle-aged
26248,Married,Male,20000,3,Partial High School,Clerical,No,2,0-1 Miles,North America,52,No,Middle-aged
23461,Married,Female,90000,5,Partial College,Professional,Yes,3,2-5 Miles,North America,40,No,Middle-aged
29133,Single,Female,60000,4,Bachelors,Skilled Manual,No,2,0-1 Miles,North America,42,No,Middle-aged
27673,Single,Female,60000,3,Graduate Degree,Management,Yes,2,5-10 Miles,North America,53,Yes,Middle-aged
12774,Married,Female,40000,1,Partial College,Clerical,Yes,1,1-2 Miles,North America,51,Yes,Middle-aged
18910,Single,Male,30000,0,Partial College,Skilled Manual,Yes,2,5-10 Miles,North America,30,No,Young
11699,Single,Male,60000,0,Bachelors,Skilled Manual,No,2,0-1 Miles,North America,30,No,Young
16725,Married,Male,30000,0,High School,Skilled Manual,Yes,2,5-10 Miles,North America,26,No,Young
28269,Single,Female,130000,1,Bachelors,Management,No,1,2-5 Miles,North America,45,No,Middle-aged
23144,Married,Male,50000,1,Bachelors,Skilled Manual,Yes,0,0-1 Miles,North America,34,Yes,Young
23376,Married,Male,70000,1,Bachelors,Professional,Yes,1,2-5 Miles,North America,44,Yes,Middle-aged
25970,Single,Female,60000,4,Bachelors,Skilled Manual,No,2,0-1 Miles,North America,41,Yes,Middle-aged
28068,Single,Female,80000,3,Graduate Degree,Professional,No,0,0-1 Miles,North America,36,Yes,Young
18390,Married,Male,80000,5,Partial College,Professional,Yes,2,0-1 Miles,North America,44,No,Middle-aged
29112,Single,Male,60000,0,Partial College,Professional,No,2,1-2 Miles,North America,30,No,Young
14090,Married,Female,30000,0,Partial High School,Clerical,No,2,0-1 Miles,North America,28,No,Young
27040,Married,Male,20000,2,Partial High School,Clerical,Yes,2,1-2 Miles,North America,49,No,Middle-aged
23479,Single,Male,90000,0,Partial College,Professional,No,2,0-1 Miles,North America,43,Yes,Middle-aged
16795,Married,Female,70000,4,Bachelors,Management,Yes,1,1-2 Miles,North America,59,No,Middle-aged
22014,Single,Male,30000,0,High School,Skilled Manual,Yes,2,5-10 Miles,North America,26,No,Young
13314,Married,Male,120000,1,High School,Professional,Yes,4,5-10 Miles,North America,46,Yes,Middle-aged
11619,Single,Female,50000,0,Graduate Degree,Skilled Manual,Yes,0,1-2 Miles,North America,33,No,Young
29132,Single,Female,40000,0,Bachelors,Professional,Yes,1,2-5 Miles,North America,42,Yes,Middle-aged
11199,Married,Female,70000,4,Bachelors,Management,Yes,1,10+ Miles,North America,59,No,Middle-aged
20296,Single,Female,60000,0,Partial College,Skilled Manual,No,1,1-2 Miles,North America,33,Yes,Young
17546,Married,Female,70000,1,Partial College,Skilled Manual,Yes,1,0-1 Miles,North America,44,Yes,Middle-aged
18069,Married,Male,70000,5,Bachelors,Management,Yes,4,10+ Miles,North America,60,No,Senior
23712,Single,Female,70000,2,Bachelors,Management,Yes,1,10+ Miles,North America,59,No,Middle-aged
23358,Married,Male,60000,0,High School,Professional,Yes,2,5-10 Miles,North America,32,Yes,Young
20518,Married,Female,70000,2,Partial College,Professional,Yes,1,10+ Miles,North America,58,No,Middle-aged
28026,Married,Female,40000,2,High School,Professional,No,2,2-5 Miles,North America,59,No,Middle-aged
11669,Single,Female,70000,2,Bachelors,Skilled Manual,Yes,1,2-5 Miles,North America,38,No,Young
16020,Married,Male,40000,0,High School,Skilled Manual,Yes,2,5-10 Miles,North America,28,Yes,Young
27090,Married,Female,60000,1,Graduate Degree,Professional,Yes,0,2-5 Miles,North America,37,Yes,Young
27198,Single,Female,80000,0,Graduate Degree,Skilled Manual,No,0,0-1 Miles,North America,40,No,Middle-aged
19661,Single,Male,90000,4,Bachelors,Management,Yes,1,1-2 Miles,North America,38,Yes,Young
26327,Married,Male,70000,4,Graduate Degree,Professional,Yes,0,2-5 Miles,North America,36,Yes,Young
26341,Married,Female,70000,5,Graduate Degree,Professional,Yes,2,0-1 Miles,North America,37,No,Young
24958,Single,Female,40000,5,High School,Professional,No,3,2-5 Miles,North America,60,Yes,Senior
13287,Single,Male,110000,4,Bachelors,Management,Yes,4,5-10 Miles,North America,42,Yes,Middle-aged
14493,Single,Female,70000,3,Graduate Degree,Management,No,2,1-2 Miles,North America,53,No,Middle-aged
26678,Single,Female,80000,2,Partial High School,Skilled Manual,Yes,2,5-10 Miles,North America,49,No,Middle-aged
23275,Married,Male,30000,2,High School,Skilled Manual,Yes,2,1-2 Miles,North America,49,No,Middle-aged
11270,Married,Male,130000,2,Graduate Degree,Management,Yes,3,0-1 Miles,North America,42,Yes,Middle-aged
20084,Married,Male,20000,2,High School,Manual,No,2,0-1 Miles,North America,53,No,Middle-aged
16144,Married,Male,70000,1,Graduate Degree,Professional,Yes,1,0-1 Miles,North America,46,Yes,Middle-aged
27731,Married,Male,40000,0,High School,Skilled Manual,Yes,2,5-10 Miles,North America,27,No,Young
11886,Married,Female,60000,3,Bachelors,Professional,Yes,1,0-1 Miles,North America,48,Yes,Middle-aged
24324,Single,Female,60000,4,Bachelors,Skilled Manual,Yes,2,2-5 Miles,North America,41,Yes,Middle-aged
22220,Married,Male,60000,2,High School,Professional,No,2,1-2 Miles,North America,49,Yes,Middle-aged
26625,Single,Female,60000,0,Graduate Degree,Professional,Yes,1,2-5 Miles,North America,38,Yes,Young
23027,Single,Male,130000,1,Bachelors,Management,No,4,0-1 Miles,North America,44,No,Middle-aged
16867,Single,Female,130000,1,Bachelors,Management,No,3,0-1 Miles,North America,45,Yes,Middle-aged
14514,Single,Female,30000,0,Partial College,Skilled Manual,Yes,1,5-10 Miles,North America,26,No,Young
19634,Married,Male,40000,0,High School,Skilled Manual,Yes,1,5-10 Miles,North America,31,No,Young
18504,Married,Male,70000,2,Partial High School,Skilled Manual,No,2,1-2 Miles,North America,49,No,Middle-aged
28799,Single,Female,40000,2,Partial College,Clerical,No,1,1-2 Miles,North America,47,Yes,Middle-aged
11225,Married,Female,60000,2,Partial College,Professional,Yes,1,10+ Miles,North America,55,No,Middle-aged
17657,Married,Male,40000,4,Partial College,Clerical,No,0,0-1 Miles,North America,30,No,Young
14913,Married,Female,40000,1,Partial College,Clerical,Yes,1,1-2 Miles,North America,48,Yes,Middle-aged
14077,Single,Male,30000,0,High School,Skilled Manual,Yes,2,5-10 Miles,North America,30,No,Young
13296,Married,Male,110000,1,Bachelors,Management,Yes,3,5-10 Miles,North America,45,No,Middle-aged
20535,Married,Female,70000,4,Partial College,Professional,Yes,1,10+ Miles,North America,56,No,Middle-aged
12452,Married,Male,60000,4,Graduate Degree,Skilled Manual,Yes,0,1-2 Miles,North America,47,Yes,Middle-aged
28043,Married,Female,60000,2,Bachelors,Management,Yes,0,10+ Miles,North America,56,No,Middle-aged
12957,Single,Female,70000,1,Bachelors,Professional,No,1,0-1 Miles,North America,44,No,Middle-aged
15412,Married,Male,130000,2,Graduate Degree,Management,Yes,3,2-5 Miles,North America,69,No,Senior
20514,Married,Female,70000,2,Partial College,Professional,Yes,1,2-5 Miles,North America,59,No,Middle-aged
20758,Married,Male,30000,2,High School,Skilled Manual,Yes,2,1-2 Miles,North America,50,No,Middle-aged
11801,Married,Male,60000,1,Graduate Degree,Professional,Yes,0,2-5 Miles,North America,36,No,Young
22211,Married,Male,60000,0,Partial College,Professional,Yes,2,5-10 Miles,North America,32,No,Young
28087,Single,Female,40000,0,Partial College,Skilled Manual,No,1,1-2 Miles,North America,27,No,Young
23668,Married,Female,40000,4,High School,Professional,Yes,2,5-10 Miles,North America,59,Yes,Middle-aged
27441,Married,Male,60000,3,High School,Professional,No,2,2-5 Miles,North America,53,No,Middle-aged
27261,Married,Male,40000,1,Bachelors,Skilled Manual,No,1,0-1 Miles,North America,36,Yes,Young
18649,Single,Male,30000,1,High School,Clerical,Yes,2,1-2 Miles,North America,51,Yes,Middle-aged
21714,Single,Female,80000,5,Graduate Degree,Skilled Manual,No,0,0-1 Miles,North America,47,No,Middle-aged
23217,Single,Female,60000,3,Graduate Degree,Professional,Yes,0,2-5 Miles,North America,43,Yes,Middle-aged
23797,Single,Male,20000,3,Partial High School,Clerical,No,2,0-1 Miles,North America,50,No,Middle-aged
13216,Married,Female,60000,5,Bachelors,Management,Yes,3,10+ Miles,North America,59,No,Middle-aged
20657,Single,Male,50000,2,Bachelors,Skilled Manual,Yes,0,2-5 Miles,North America,37,Yes,Young
12882,Married,Male,50000,1,Graduate Degree,Skilled Manual,Yes,0,0-1 Miles,North America,33,Yes,Young
25908,Married,Female,60000,0,Partial College,Skilled Manual,No,1,1-2 Miles,North America,27,No,Young
16753,Single,Female,70000,0,Partial College,Skilled Manual,Yes,2,5-10 Miles,North America,34,Yes,Young
14608,Married,Male,50000,4,Bachelors,Skilled Manual,Yes,3,10+ Miles,North America,42,No,Middle-aged
24979,Married,Female,60000,2,Partial College,Professional,Yes,2,2-5 Miles,North America,57,Yes,Middle-aged
13313,Married,Female,120000,1,High School,Professional,No,4,2-5 Miles,North America,45,No,Middle-aged
18952,Married,Female,100000,4,Bachelors,Management,Yes,4,0-1 Miles,North America,40,No,Middle-aged
17699,Married,Male,60000,1,Graduate Degree,Skilled Manual,No,0,0-1 Miles,North America,55,No,Middle-aged
14657,Married,Male,80000,1,Partial College,Skilled Manual,No,1,0-1 Miles,North America,47,Yes,Middle-aged
11540,Single,Male,60000,4,Graduate Degree,Skilled Manual,Yes,0,1-2 Miles,North America,47,Yes,Middle-aged
11783,Married,Female,60000,1,Graduate Degree,Skilled Manual,Yes,0,0-1 Miles,North America,34,No,Young
14602,Married,Female,80000,3,Graduate Degree,Professional,Yes,0,0-1 Miles,North America,36,Yes,Young
29030,Married,Male,70000,2,Partial High School,Skilled Manual,Yes,2,10+ Miles,North America,54,No,Middle-aged
26490,Single,Male,70000,2,Bachelors,Management,No,1,2-5 Miles,North America,59,Yes,Middle-aged
13151,Single,Male,40000,0,High School,Skilled Manual,Yes,2,5-10 Miles,North America,27,No,Young
17260,Married,Male,90000,5,Partial College,Professional,Yes,3,0-1 Miles,North America,41,No,Middle-aged
15372,Married,Male,80000,3,Partial College,Professional,No,2,2-5 Miles,North America,50,Yes,Middle-aged
18105,Married,Female,60000,2,Partial College,Professional,Yes,1,10+ Miles,North America,55,No,Middle-aged
19660,Married,Male,80000,4,Bachelors,Management,Yes,0,0-1 Miles,North America,43,No,Middle-aged
16112,Single,Male,70000,4,Bachelors,Professional,Yes,2,2-5 Miles,North America,43,Yes,Middle-aged
20698,Married,Male,60000,4,Bachelors,Skilled Manual,Yes,3,5-10 Miles,North America,42,No,Middle-aged
20076,Single,Female,10000,2,High School,Manual,Yes,2,1-2 Miles,North America,53,Yes,Middle-aged
24496,Single,Female,40000,0,High School,Skilled Manual,No,2,0-1 Miles,North America,28,Yes,Young
15468,Married,Female,50000,1,Bachelors,Skilled Manual,Yes,1,0-1 Miles,North America,35,No,Young
28031,Single,Female,70000,2,Bachelors,Management,No,1,2-5 Miles,North America,59,Yes,Middle-aged
26270,Single,Female,20000,2,Partial High School,Clerical,Yes,2,1-2 Miles,North America,49,No,Middle-aged
22221,Married,Male,60000,2,High School,Professional,No,2,1-2 Miles,North America,48,Yes,Middle-aged
28228,Single,Female,80000,2,Partial High School,Skilled Manual,No,2,1-2 Miles,North America,50,No,Middle-aged
18363,Married,Male,40000,0,High School,Skilled Manual,Yes,2,5-10 Miles,North America,28,Yes,Young
23256,Single,Male,30000,1,High School,Clerical,No,1,5-10 Miles,North America,52,No,Middle-aged
12768,Married,Male,30000,1,High School,Clerical,Yes,1,2-5 Miles,North America,52,Yes,Middle-aged
20361,Married,Male,50000,2,Graduate Degree,Management,Yes,2,5-10 Miles,North America,69,No,Senior
21306,Single,Male,60000,2,High School,Professional,Yes,2,5-10 Miles,North America,51,No,Middle-aged
13382,Married,Male,70000,5,Partial College,Professional,Yes,2,1-2 Miles,North America,57,Yes,Middle-aged
20310,Single,Male,60000,0,Partial College,Skilled Manual,Yes,1,5-10 Miles,North America,27,Yes,Young
22971,Single,Female,30000,0,High School,Skilled Manual,No,2,0-1 Miles,North America,25,Yes,Young
15287,Single,Female,50000,1,Graduate Degree,Skilled Manual,Yes,0,1-2 Miles,North America,33,Yes,Young
15532,Single,Male,60000,4,Bachelors,Professional,Yes,2,2-5 Miles,North America,43,Yes,Middle-aged
11255,Married,Male,70000,4,Graduate Degree,Management,Yes,2,5-10 Miles,North America,73,No,Senior
28090,Married,Male,40000,0,Partial College,Skilled Manual,Yes,1,5-10 Miles,North America,27,No,Young
15255,Married,Male,40000,0,High School,Skilled Manual,Yes,2,5-10 Miles,North America,28,Yes,Young
13154,Married,Male,40000,0,High School,Skilled Manual,No,2,0-1 Miles,North America,27,Yes,Young
26778,Single,Female,40000,0,High School,Skilled Manual,Yes,2,5-10 Miles,North America,31,No,Young
23248,Married,Female,10000,2,High School,Manual,Yes,2,1-2 Miles,North America,53,No,Middle-aged
21417,Single,Female,60000,0,Partial College,Professional,No,2,1-2 Miles,North America,32,Yes,Young
17668,Single,Male,30000,2,High School,Skilled Manual,Yes,2,1-2 Miles,North America,50,Yes,Middle-aged
27994,Married,Female,40000,4,High School,Professional,Yes,2,5-10 Miles,North America,69,No,Senior
20376,Single,Female,70000,3,Graduate Degree,Management,Yes,2,5-10 Miles,North America,52,Yes,Middle-aged
25954,Married,Male,60000,0,Partial College,Skilled Manual,No,2,1-2 Miles,North America,31,No,Young
15749,Single,Female,70000,4,Bachelors,Management,Yes,2,10+ Miles,North America,61,No,Senior
25899,Married,Female,70000,2,High School,Professional,Yes,2,10+ Miles,North America,53,No,Middle-aged
13351,Single,Female,70000,4,Bachelors,Management,Yes,2,1-2 Miles,North America,62,Yes,Senior
23333,Married,Male,40000,0,Partial College,Skilled Manual,No,2,1-2 Miles,North America,30,No,Young
21660,Married,Female,60000,3,Graduate Degree,Professional,Yes,0,2-5 Miles,North America,43,Yes,Middle-aged
17012,Married,Female,60000,3,Graduate Degree,Professional,Yes,0,2-5 Miles,North America,42,Yes,Middle-aged
24514,Married,Male,40000,0,Partial College,Skilled Manual,Yes,1,5-10 Miles,North America,30,No,Young
27505,Single,Female,40000,0,High School,Skilled Manual,Yes,2,5-10 Miles,North America,30,No,Young
29243,Single,Male,110000,1,Bachelors,Management,Yes,1,5-10 Miles,North America,43,No,Middle-aged
26582,Married,Male,60000,0,Partial College,Skilled Manual,Yes,2,5-10 Miles,North America,33,Yes,Young
14271,Married,Male,30000,0,High School,Skilled Manual,Yes,2,5-10 Miles,North America,32,No,Young
23041,Single,Female,70000,4,High School,Professional,Yes,0,5-10 Miles,North America,50,Yes,Middle-aged
29048,Single,Male,110000,2,Bachelors,Management,No,3,0-1 Miles,North America,37,Yes,Young
24433,Married,Male,70000,3,High School,Professional,No,1,1-2 Miles,North America,52,Yes,Middle-aged
15501,Married,Male,70000,4,Graduate Degree,Professional,Yes,0,2-5 Miles,North America,36,Yes,Young
13911,Single,Female,80000,3,Bachelors,Skilled Manual,Yes,2,2-5 Miles,North America,41,Yes,Middle-aged
20421,Single,Female,40000,0,Partial High School,Clerical,Yes,2,5-10 Miles,North America,26,No,Young
16009,Single,Male,170000,1,Graduate Degree,Management,No,4,0-1 Miles,North America,66,No,Senior
18411,Married,Male,60000,2,High School,Professional,No,2,5-10 Miles,North America,51,No,Middle-aged
19163,Married,Female,70000,4,Bachelors,Professional,Yes,2,0-1 Miles,North America,43,Yes,Middle-aged
18572,Married,Female,60000,0,Graduate Degree,Professional,Yes,0,0-1 Miles,North America,39,No,Young
27540,Single,Female,70000,0,Bachelors,Professional,No,1,0-1 Miles,North America,37,Yes,Young
19889,Single,Female,70000,2,Partial High School,Skilled Manual,No,2,2-5 Miles,North America,54,Yes,Middle-aged
12922,Single,Female,60000,3,Bachelors,Skilled Manual,Yes,0,2-5 Miles,North America,40,Yes,Middle-aged
18891,Married,Female,40000,0,Partial College,Skilled Manual,Yes,2,5-10 Miles,North America,28,No,Young
16773,Married,Male,60000,1,Graduate Degree,Skilled Manual,Yes,0,0-1 Miles,North America,33,No,Young
19143,Single,Female,80000,3,Bachelors,Skilled Manual,Yes,2,2-5 Miles,North America,41,Yes,Middle-aged
23882,Single,Female,80000,3,Graduate Degree,Professional,Yes,0,0-1 Miles,North America,37,Yes,Young
11233,Married,Male,70000,4,Partial College,Professional,Yes,2,10+ Miles,North America,53,No,Middle-aged
12056,Married,Male,120000,2,Graduate Degree,Management,Yes,3,5-10 Miles,North America,64,No,Senior
15555,Married,Female,60000,1,Partial College,Skilled Manual,Yes,1,2-5 Miles,North America,45,Yes,Middle-aged
18423,Single,Male,80000,2,Partial High School,Skilled Manual,No,2,1-2 Miles,North America,52,No,Middle-aged
22743,Married,Female,40000,5,High School,Professional,Yes,2,10+ Miles,North America,60,No,Senior
25343,Single,Female,20000,3,Partial High School,Clerical,Yes,2,1-2 Miles,North America,50,No,Middle-aged
13390,Married,Female,70000,4,Partial College,Professional,No,1,1-2 Miles,North America,56,No,Middle-aged
17482,Single,Female,40000,0,Partial High School,Clerical,Yes,2,5-10 Miles,North America,29,No,Young
13176,Single,Male,130000,0,Graduate Degree,Management,No,2,0-1 Miles,North America,38,Yes,Young
20504,Married,Female,40000,5,High School,Professional,No,2,2-5 Miles,North America,60,No,Senior
12205,Single,Female,130000,2,Bachelors,Management,No,4,0-1 Miles,North America,67,No,Senior
16751,Married,Male,60000,0,Partial College,Skilled Manual,Yes,1,5-10 Miles,North America,32,Yes,Young
21613,Single,Male,50000,2,Bachelors,Skilled Manual,No,1,0-1 Miles,North America,39,Yes,Young
24801,Single,Male,60000,1,Graduate Degree,Professional,Yes,0,2-5 Miles,North America,35,Yes,Young
17519,Married,Female,60000,0,Partial College,Professional,Yes,2,5-10 Miles,North America,32,No,Young
18347,Single,Female,30000,0,Partial College,Skilled Manual,No,1,1-2 Miles,North America,31,No,Young
29052,Single,Male,40000,0,Partial College,Skilled Manual,Yes,1,5-10 Miles,North America,27,No,Young
11745,Married,Female,60000,1,Bachelors,Professional,Yes,1,0-1 Miles,North America,47,Yes,Middle-aged
19147,Married,Male,40000,0,Bachelors,Professional,No,1,0-1 Miles,North America,42,No,Middle-aged
19217,Married,Male,30000,2,High School,Skilled Manual,Yes,2,1-2 Miles,North America,49,No,Middle-aged
15839,Single,Male,30000,0,Partial College,Skilled Manual,Yes,1,5-10 Miles,North America,32,No,Young
13714,Married,Female,20000,2,High School,Manual,No,2,1-2 Miles,North America,53,Yes,Middle-aged
22330,Married,Male,50000,0,Graduate Degree,Skilled Manual,Yes,0,1-2 Miles,North America,32,Yes,Young
18783,Single,Male,80000,0,Bachelors,Management,No,1,0-1 Miles,North America,38,Yes,Young
25041,Single,Male,40000,0,High School,Skilled Manual,Yes,2,5-10 Miles,North America,31,No,Young
22046,Single,Female,80000,0,Bachelors,Management,No,1,0-1 Miles,North America,38,Yes,Young
28052,Married,Male,60000,2,High School,Professional,Yes,2,10+ Miles,North America,55,No,Middle-aged
26693,Married,Male,70000,3,Partial College,Professional,Yes,1,5-10 Miles,North America,49,No,Middle-aged
24955,Single,Male,30000,5,Partial High School,Skilled Manual,Yes,3,10+ Miles,North America,60,Yes,Senior
26065,Single,Female,110000,3,Bachelors,Management,No,4,1-2 Miles,North America,42,No,Middle-aged
13942,Married,Male,60000,1,Partial College,Skilled Manual,Yes,1,0-1 Miles,North America,46,No,Middle-aged
11219,Married,Male,60000,2,High School,Professional,Yes,2,10+ Miles,North America,55,No,Middle-aged
22118,Single,Female,70000,3,Graduate Degree,Management,Yes,2,5-10 Miles,North America,53,Yes,Middle-aged
23197,Married,Male,50000,3,Bachelors,Skilled Manual,Yes,2,2-5 Miles,North America,40,No,Middle-aged
14883,Married,Female,30000,1,Bachelors,Skilled Manual,Yes,1,5-10 Miles,North America,53,Yes,Middle-aged
27279,Single,Female,70000,2,Bachelors,Skilled Manual,Yes,0,2-5 Miles,North America,38,Yes,Young
18322,Single,Male,30000,0,Partial High School,Clerical,No,2,0-1 Miles,North America,26,No,Young
15879,Married,Male,70000,5,Bachelors,Management,Yes,2,2-5 Miles,North America,61,No,Senior
28278,Married,Male,50000,2,Graduate Degree,Management,Yes,2,5-10 Miles,North America,71,No,Senior
24416,Married,Male,90000,4,High School,Professional,Yes,2,1-2 Miles,North America,45,No,Middle-aged
28066,Married,Male,80000,2,Graduate Degree,Professional,Yes,0,0-1 Miles,North America,37,Yes,Young
11275,Married,Female,80000,4,Graduate Degree,Management,Yes,2,0-1 Miles,North America,72,Yes,Senior
14872,Married,Male,30000,0,Graduate Degree,Skilled Manual,Yes,0,0-1 Miles,North America,32,No,Young
16151,Married,Female,60000,1,Bachelors,Professional,Yes,1,2-5 Miles,North America,48,Yes,Middle-aged
19731,Married,Male,80000,4,Graduate Degree,Management,Yes,2,5-10 Miles,North America,68,No,Senior
23801,Married,Female,20000,2,Partial High School,Clerical,Yes,2,0-1 Miles,North America,49,No,Middle-aged
11807,Married,Male,70000,3,Graduate Degree,Professional,Yes,0,2-5 Miles,North America,34,No,Young
11622,Married,Male,50000,0,Graduate Degree,Skilled Manual,Yes,0,0-1 Miles,North America,32,No,Young
26597,Single,Female,60000,4,Bachelors,Skilled Manual,No,2,0-1 Miles,North America,42,No,Middle-aged
27074,Married,Female,70000,1,Graduate Degree,Skilled Manual,Yes,0,0-1 Miles,North America,35,Yes,Young
19228,Married,Female,40000,2,Partial College,Clerical,Yes,1,0-1 Miles,North America,48,No,Middle-aged
13415,Single,Male,100000,1,Graduate Degree,Management,Yes,3,2-5 Miles,North America,73,Yes,Senior
17000,Single,Female,70000,4,Bachelors,Skilled Manual,Yes,2,2-5 Miles,North America,43,Yes,Middle-aged
14569,Married,Male,60000,1,Graduate Degree,Professional,Yes,0,0-1 Miles,North America,35,No,Young
13873,Married,Male,70000,3,Graduate Degree,Professional,Yes,0,0-1 Miles,North America,35,Yes,Young
20401,Married,Female,50000,4,Bachelors,Management,Yes,2,1-2 Miles,North America,64,Yes,Senior
21583,Married,Female,50000,1,Bachelors,Skilled Manual,Yes,0,0-1 Miles,North America,34,Yes,Young
12029,Married,Male,30000,0,Partial High School,Clerical,No,2,0-1 Miles,North America,28,No,Young
18066,Single,Male,70000,5,Bachelors,Management,Yes,3,10+ Miles,North America,60,Yes,Senior
28192,Married,Female,70000,5,Graduate Degree,Professional,Yes,3,10+ Miles,North America,46,No,Middle-aged
16122,Married,Male,40000,4,High School,Skilled Manual,Yes,2,0-1 Miles,North America,44,Yes,Middle-aged
18607,Single,Female,60000,4,Bachelors,Skilled Manual,Yes,2,2-5 Miles,North America,42,Yes,Middle-aged
28858,Single,Male,80000,3,Bachelors,Skilled Manual,Yes,0,2-5 Miles,North America,40,No,Middle-aged
14432,Single,Male,90000,4,Graduate Degree,Management,Yes,1,5-10 Miles,North America,73,No,Senior
26305,Single,Female,60000,2,Bachelors,Skilled Manual,No,0,0-1 Miles,North America,36,Yes,Young
22050,Single,Male,90000,4,Bachelors,Management,Yes,1,1-2 Miles,North America,38,Yes,Young
25394,Married,Male,60000,1,Graduate Degree,Professional,Yes,0,2-5 Miles,North America,34,Yes,Young
19747,Married,Male,50000,4,Bachelors,Management,Yes,2,10+ Miles,North America,63,No,Senior
23195,Single,Male,50000,3,Bachelors,Skilled Manual,Yes,2,2-5 Miles,North America,41,Yes,Middle-aged
21695,Married,Male,60000,0,Graduate Degree,Skilled Manual,Yes,0,1-2 Miles,North America,39,Yes,Young
13934,Married,Male,40000,4,High School,Skilled Manual,Yes,2,2-5 Miles,North America,46,No,Middle-aged
13337,Married,Female,80000,5,Bachelors,Management,Yes,2,5-10 Miles,North America,64,No,Senior
27190,Married,Female,40000,3,Partial College,Clerical,Yes,1,1-2 Miles,North America,32,No,Young
28657,Single,Male,60000,2,Bachelors,Skilled Manual,Yes,0,2-5 Miles,North America,36,Yes,Young
21713,Single,Male,80000,5,Graduate Degree,Skilled Manual,No,0,0-1 Miles,North America,47,No,Middle-aged
21752,Married,Male,60000,3,Graduate Degree,Management,Yes,2,10+ Miles,North America,64,No,Senior
27273,Single,Male,70000,3,Graduate Degree,Professional,No,0,0-1 Miles,North America,35,Yes,Young
22719,Single,Male,110000,3,Bachelors,Management,Yes,4,2-5 Miles,North America,40,Yes,Middle-aged
22042,Married,Female,70000,0,Partial College,Skilled Manual,Yes,2,5-10 Miles,North America,34,Yes,Young
21451,Married,Female,40000,4,High School,Professional,Yes,2,10+ Miles,North America,61,No,Senior
20754,Married,Male,30000,2,High School,Skilled Manual,Yes,2,1-2 Miles,North America,51,No,Middle-aged
12153,Single,Female,70000,3,Partial College,Professional,Yes,1,5-10 Miles,North America,49,Yes,Middle-aged
16895,Married,Female,40000,3,Partial College,Professional,No,2,1-2 Miles,North America,54,Yes,Middle-aged
26728,Single,Male,70000,3,Graduate Degree,Management,No,2,1-2 Miles,North America,53,Yes,Middle-aged
11090,Single,Male,90000,2,Partial College,Professional,Yes,1,2-5 Miles,North America,48,Yes,Middle-aged
15862,Single,Female,50000,0,Graduate Degree,Skilled Manual,Yes,0,1-2 Miles,North America,33,Yes,Young
26495,Single,Female,40000,2,High School,Professional,Yes,2,10+ Miles,North America,57,No,Middle-aged
11823,Married,Female,70000,0,Graduate Degree,Professional,Yes,0,2-5 Miles,North America,39,No,Young
23449,Married,Male,60000,2,High School,Professional,Yes,2,5-10 Miles,North America,48,No,Middle-aged
23459,Married,Male,60000,2,High School,Professional,Yes,2,5-10 Miles,North America,50,No,Middle-aged
19543,Married,Male,70000,5,Graduate Degree,Professional,No,3,10+ Miles,North America,47,No,Middle-aged
14914,Married,Female,40000,1,Partial College,Clerical,Yes,1,1-2 Miles,North America,49,Yes,Middle-aged
12033,Single,Female,40000,0,High School,Skilled Manual,No,2,0-1 Miles,North America,27,Yes,Young
11941,Single,Male,60000,0,Partial College,Skilled Manual,Yes,0,5-10 Miles,North America,29,No,Young
14389,Married,Male,60000,2,Bachelors,Management,Yes,0,2-5 Miles,North America,59,No,Middle-aged
18050,Married,Female,60000,1,Partial College,Skilled Manual,Yes,1,0-1 Miles,North America,45,Yes,Middle-aged
19856,Married,Female,60000,4,Bachelors,Management,Yes,2,2-5 Miles,North America,60,No,Senior
11663,Married,Male,70000,4,Graduate Degree,Professional,Yes,0,0-1 Miles,North America,36,Yes,Young
27740,Married,Female,40000,0,High School,Skilled Manual,Yes,2,5-10 Miles,North America,27,No,Young
23455,Single,Male,80000,2,Partial High School,Skilled Manual,No,2,1-2 Miles,North America,50,No,Middle-aged
15292,Single,Female,60000,1,Graduate Degree,Skilled Manual,Yes,0,1-2 Miles,North America,35,No,Young
21587,Married,Female,60000,1,Graduate Degree,Skilled Manual,Yes,0,2-5 Miles,North America,34,Yes,Young
23513,Married,Female,40000,3,Partial College,Professional,Yes,2,5-10 Miles,North America,54,No,Middle-aged
24322,Married,Female,60000,4,Bachelors,Skilled Manual,No,2,0-1 Miles,North America,42,No,Middle-aged
26298,Married,Female,50000,1,Bachelors,Skilled Manual,Yes,0,2-5 Miles,North America,34,Yes,Young
25419,Single,Male,50000,2,Bachelors,Skilled Manual,No,1,0-1 Miles,North America,38,Yes,Young
13343,Married,Female,90000,5,Bachelors,Management,Yes,2,1-2 Miles,North America,63,Yes,Senior
11303,Single,Female,90000,4,High School,Professional,No,3,1-2 Miles,North America,45,Yes,Middle-aged
21693,Single,Female,60000,0,Graduate Degree,Skilled Manual,No,0,0-1 Miles,North America,40,No,Middle-aged
28056,Married,Male,70000,2,Partial High School,Skilled Manual,Yes,2,10+ Miles,North America,53,No,Middle-aged
11788,Single,Female,70000,1,Graduate Degree,Professional,Yes,0,2-5 Miles,North America,34,No,Young
22296,Married,Male,70000,0,Bachelors,Professional,No,1,0-1 Miles,North America,38,No,Young
15319,Married,Female,70000,4,Bachelors,Management,No,1,1-2 Miles,North America,59,No,Middle-aged
17654,Single,Female,40000,3,Partial College,Clerical,Yes,1,1-2 Miles,North America,30,Yes,Young
14662,Married,Male,60000,1,Bachelors,Professional,Yes,1,0-1 Miles,North America,48,Yes,Middle-aged
17541,Married,Female,40000,4,High School,Skilled Manual,Yes,2,2-5 Miles,North America,43,No,Middle-aged
13886,Married,Female,70000,4,Graduate Degree,Professional,Yes,0,2-5 Miles,North America,35,Yes,Young
13073,Married,Female,60000,0,Partial College,Professional,Yes,2,5-10 Miles,North America,30,No,Young
21940,Married,Male,90000,5,Graduate Degree,Professional,Yes,0,0-1 Miles,North America,47,Yes,Middle-aged
20196,Married,Male,60000,1,Partial College,Skilled Manual,Yes,1,2-5 Miles,North America,45,Yes,Middle-aged
23491,Single,Male,100000,0,Partial College,Professional,No,4,1-2 Miles,North America,45,No,Middle-aged
16651,Married,Female,120000,2,Bachelors,Management,Yes,3,5-10 Miles,North America,62,No,Senior
16813,Married,Male,60000,2,Partial College,Professional,Yes,2,10+ Miles,North America,55,No,Middle-aged
16007,Married,Female,90000,5,Bachelors,Management,Yes,2,1-2 Miles,North America,66,Yes,Senior
27434,Single,Male,70000,4,Partial College,Professional,Yes,1,10+ Miles,North America,56,No,Middle-aged
27756,Single,Female,50000,3,Bachelors,Skilled Manual,No,1,0-1 Miles,North America,40,No,Middle-aged
23818,Married,Female,50000,0,Graduate Degree,Skilled Manual,Yes,0,1-2 Miles,North America,33,Yes,Young
19012,Married,Male,80000,3,Bachelors,Management,Yes,1,1-2 Miles,North America,56,No,Middle-aged
18329,Single,Male,30000,0,Partial High School,Clerical,No,2,5-10 Miles,North America,27,No,Young
29037,Married,Male,60000,0,Graduate Degree,Professional,No,0,0-1 Miles,North America,39,No,Young
26576,Married,Female,60000,0,Partial College,Skilled Manual,Yes,2,5-10 Miles,North America,31,No,Young
12192,Single,Female,60000,2,Partial High School,Skilled Manual,No,2,1-2 Miles,North America,51,No,Middle-aged
14887,Married,Female,30000,1,High School,Clerical,Yes,1,5-10 Miles,North America,52,No,Middle-aged
11734,Married,Male,60000,1,Partial College,Skilled Manual,No,1,0-1 Miles,North America,47,No,Middle-aged
17462,Married,Male,70000,3,Graduate Degree,Management,Yes,2,5-10 Miles,North America,53,Yes,Middle-aged
20659,Married,Male,70000,3,Graduate Degree,Professional,Yes,0,0-1 Miles,North America,35,Yes,Young
28004,Married,Female,60000,3,Bachelors,Management,Yes,2,10+ Miles,North America,66,No,Senior
19741,Single,Female,80000,4,Graduate Degree,Management,Yes,2,5-10 Miles,North America,65,No,Senior
17450,Married,Male,80000,5,Partial College,Professional,Yes,3,5-10 Miles,North America,45,No,Middle-aged
17337,Single,Male,40000,0,High School,Skilled Manual,Yes,1,5-10 Miles,North America,31,No,Young
18594,Single,Female,80000,3,Bachelors,Skilled Manual,Yes,3,10+ Miles,North America,40,Yes,Middle-aged
15982,Married,Male,110000,5,Partial College,Professional,Yes,4,2-5 Miles,North America,46,No,Middle-aged
28625,Single,Male,40000,2,Partial College,Clerical,No,1,1-2 Miles,North America,47,Yes,Middle-aged
11269,Married,Male,130000,2,Graduate Degree,Management,Yes,2,0-1 Miles,North America,41,No,Middle-aged
25148,Married,Male,60000,2,High School,Professional,No,2,1-2 Miles,North America,48,Yes,Middle-aged
13920,Single,Female,50000,4,Bachelors,Skilled Manual,Yes,2,0-1 Miles,North America,42,No,Middle-aged
23704,Single,Male,40000,5,High School,Professional,Yes,4,10+ Miles,North America,60,Yes,Senior
28972,Single,Female,60000,3,Graduate Degree,Management,Yes,2,10+ Miles,North America,66,No,Senior
22730,Married,Male,70000,5,Bachelors,Management,Yes,2,10+ Miles,North America,63,No,Senior
29134,Married,Male,60000,4,Bachelors,Skilled Manual,No,3,10+ Miles,North America,42,No,Middle-aged
14332,Single,Female,30000,0,High School,Skilled Manual,No,2,5-10 Miles,North America,26,No,Young
19117,Single,Female,60000,1,Graduate Degree,Professional,Yes,0,2-5 Miles,North America,36,Yes,Young
22864,Married,Male,90000,2,Partial College,Professional,No,0,5-10 Miles,North America,49,Yes,Middle-aged
11292,Single,Male,150000,1,Partial College,Professional,No,3,0-1 Miles,North America,44,Yes,Middle-aged
13466,Married,Male,80000,5,Partial College,Professional,Yes,3,1-2 Miles,North America,46,No,Middle-aged
23731,Married,Male,60000,2,High School,Professional,Yes,2,2-5 Miles,North America,54,Yes,Middle-aged
28672,Single,Male,70000,4,Graduate Degree,Professional,Yes,0,2-5 Miles,North America,35,Yes,Young
11809,Married,Male,60000,2,Bachelors,Skilled Manual,Yes,0,0-1 Miles,North America,38,Yes,Young
19664,Single,Male,100000,3,Bachelors,Management,No,3,1-2 Miles,North America,38,No,Young
12121,Single,Male,60000,3,High School,Professional,Yes,2,10+ Miles,North America,53,Yes,Middle-aged
13507,Married,Female,10000,2,Partial College,Manual,Yes,0,1-2 Miles,Europe,50,No,Middle-aged
19280,Married,Male,120000,2,Partial College,Manual,Yes,1,0-1 Miles,Europe,40,Yes,Middle-aged
22173,Married,Female,30000,3,High School,Skilled Manual,No,2,1-2 Miles,Pacific,54,Yes,Middle-aged
12697,Single,Female,90000,0,Bachelors,Professional,No,4,10+ Miles,Pacific,36,No,Young
11434,Married,Male,170000,5,Partial College,Professional,Yes,0,0-1 Miles,Europe,55,No,Middle-aged
25323,Married,Male,40000,2,Partial College,Clerical,Yes,1,1-2 Miles,Europe,35,Yes,Young
23542,Single,Male,60000,1,Partial College,Skilled Manual,No,1,0-1 Miles,Pacific,45,Yes,Middle-aged
20870,Single,Female,10000,2,High School,Manual,Yes,1,0-1 Miles,Europe,38,Yes,Young
23316,Single,Male,30000,3,Partial College,Clerical,No,2,1-2 Miles,Pacific,59,Yes,Middle-aged
12610,Married,Female,30000,1,Bachelors,Clerical,Yes,0,0-1 Miles,Europe,47,No,Middle-aged
27183,Single,Male,40000,2,Partial College,Clerical,Yes,1,1-2 Miles,Europe,35,Yes,Young
25940,Single,Male,20000,2,Partial High School,Clerical,Yes,2,5-10 Miles,Pacific,55,Yes,Middle-aged
25598,Married,Female,40000,0,Graduate Degree,Clerical,Yes,0,0-1 Miles,Europe,36,Yes,Young
21564,Single,Female,80000,0,Bachelors,Professional,Yes,4,10+ Miles,Pacific,35,No,Young
19193,Single,Male,40000,2,Partial College,Clerical,Yes,0,1-2 Miles,Europe,35,Yes,Young
26412,Married,Female,80000,5,High School,Management,No,3,5-10 Miles,Europe,56,No,Middle-aged
27184,Single,Male,40000,2,Partial College,Clerical,No,1,0-1 Miles,Europe,34,No,Young
12590,Single,Male,30000,1,Bachelors,Clerical,Yes,0,0-1 Miles,Europe,63,No,Senior
17841,Single,Male,30000,0,Partial College,Clerical,No,1,0-1 Miles,Europe,29,Yes,Young
18283,Single,Female,100000,0,Bachelors,Professional,No,1,5-10 Miles,Pacific,40,No,Middle-aged
18299,Married,Male,70000,5,Partial College,Skilled Manual,Yes,2,5-10 Miles,Pacific,44,No,Middle-aged
16466,Single,Female,20000,0,Partial High School,Manual,No,2,0-1 Miles,Europe,32,Yes,Young
19273,Married,Female,20000,2,Partial College,Manual,Yes,0,0-1 Miles,Europe,63,No,Senior
22400,Married,Male,10000,0,Partial College,Manual,No,1,0-1 Miles,Pacific,26,Yes,Young
20942,Single,Female,20000,0,High School,Manual,No,1,5-10 Miles,Europe,31,No,Young
18484,Single,Male,80000,2,High School,Skilled Manual,No,2,1-2 Miles,Pacific,50,Yes,Middle-aged
